Begin_Date,Begin_Month,Begin_Year,Event_Type,Deaths,Damage_Property,State,Total_Disaster
3/22/1991,Mar,1991,Tornado,0,2500000,IL,1
3/22/1991,Mar,1991,Tornado,0,2500000,IL,1
3/22/1991,Mar,1991,Tornado,0,2500000,IL,1
3/27/1991,Mar,1991,Tornado,0,0,IL,1
3/27/1991,Mar,1991,Tornado,0,25000000,IL,1
3/27/1991,Mar,1991,Tornado,0,25000000,IL,1
3/27/1991,Mar,1991,Tornado,0,25000000,IL,1
3/27/1991,Mar,1991,Tornado,0,0,IL,1
3/27/1991,Mar,1991,Tornado,0,2500,IL,1
4/23/1991,Apr,1991,Tornado,0,2500,IL,1
4/29/1991,Apr,1991,Tornado,0,25000,IL,1
4/29/1991,Apr,1991,Tornado,0,25000,IL,1
4/29/1991,Apr,1991,Tornado,0,25000,IL,1
4/29/1991,Apr,1991,Tornado,0,0,IL,1
4/29/1991,Apr,1991,Tornado,0,0,IL,1
4/29/1991,Apr,1991,Tornado,0,0,IL,1
4/29/1991,Apr,1991,Tornado,0,0,IL,1
4/29/1991,Apr,1991,Tornado,0,0,IL,1
5/5/1991,May,1991,Tornado,0,25000,IL,1
5/5/1991,May,1991,Tornado,0,0,IL,1
5/10/1991,May,1991,Tornado,0,0,IL,1
5/11/1991,May,1991,Tornado,0,0,IL,1
5/14/1991,May,1991,Tornado,0,0,IL,1
5/14/1991,May,1991,Tornado,0,0,IL,1
5/16/1991,May,1991,Tornado,0,0,IL,1
5/17/1991,May,1991,Tornado,0,0,IL,1
5/18/1991,May,1991,Tornado,0,0,IL,1
5/22/1991,May,1991,Tornado,0,0,IL,1
5/25/1991,May,1991,Tornado,0,0,IL,1
5/31/1991,May,1991,Tornado,0,2500,IL,1
5/31/1991,May,1991,Tornado,0,0,IL,1
8/3/1991,Aug,1991,Tornado,0,2500000,IL,1
10/4/1991,Oct,1991,Tornado,0,250000,IL,1
10/4/1991,Oct,1991,Tornado,0,0,IL,1
11/19/1991,Nov,1991,Tornado,0,25000000,IL,1
12/8/1991,Dec,1991,Tornado,0,250000,IL,1
3/6/1992,Mar,1992,Tornado,0,0,IL,1
4/10/1992,Apr,1992,Tornado,0,0,IL,1
4/15/1992,Apr,1992,Tornado,0,250000,IL,1
5/4/1992,May,1992,Tornado,0,2500,IL,1
5/4/1992,May,1992,Tornado,0,0,IL,1
5/4/1992,May,1992,Tornado,0,0,IL,1
6/17/1992,Jun,1992,Tornado,0,0,IL,1
6/17/1992,Jun,1992,Tornado,0,2500,IL,1
6/17/1992,Jun,1992,Tornado,0,250000,IL,1
6/17/1992,Jun,1992,Tornado,0,0,IL,1
6/17/1992,Jun,1992,Tornado,0,25000,IL,1
6/19/1992,Jun,1992,Tornado,0,2500,IL,1
7/2/1992,Jul,1992,Tornado,0,0,IL,1
7/2/1992,Jul,1992,Tornado,0,2500,IL,1
7/2/1992,Jul,1992,Tornado,0,0,IL,1
7/2/1992,Jul,1992,Tornado,0,0,IL,1
7/4/1992,Jul,1992,Tornado,0,2500000,IL,1
7/25/1992,Jul,1992,Tornado,0,0,IL,1
7/25/1992,Jul,1992,Tornado,0,250000,IL,1
7/30/1992,Jul,1992,Tornado,0,2500,IL,1
7/30/1992,Jul,1992,Tornado,0,25000,IL,1
8/26/1992,Aug,1992,Tornado,0,0,IL,1
9/9/1992,Sep,1992,Tornado,0,0,IL,1
5/11/1993,May,1993,Tornado,0,50000,IL,1
5/23/1993,May,1993,Tornado,0,50000,IL,1
8/15/1993,Aug,1993,Tornado,0,0,IL,1
8/15/1993,Aug,1993,Tornado,0,500000,IL,1
8/16/1993,Aug,1993,Tornado,0,50000,IL,1
8/16/1993,Aug,1993,Tornado,0,0,IL,1
8/16/1993,Aug,1993,Tornado,0,0,IL,1
8/16/1993,Aug,1993,Tornado,0,0,IL,1
8/19/1993,Aug,1993,Tornado,0,0,IL,1
8/19/1993,Aug,1993,Tornado,0,0,IL,1
8/23/1993,Aug,1993,Tornado,0,0,IL,1
9/20/1993,Sep,1993,Tornado,0,0,IL,1
4/15/1994,Apr,1994,Tornado,0,500000,IL,1
4/15/1994,Apr,1994,Tornado,0,500000,IL,1
4/26/1994,Apr,1994,Tornado,0,0,IL,1
4/26/1994,Apr,1994,Tornado,0,5000000,IL,1
4/26/1994,Apr,1994,Tornado,0,50000,IL,1
4/26/1994,Apr,1994,Tornado,0,50000,IL,1
4/26/1994,Apr,1994,Tornado,0,50000,IL,1
4/26/1994,Apr,1994,Tornado,0,500000,IL,1
4/26/1994,Apr,1994,Tornado,0,0,IL,1
4/26/1994,Apr,1994,Tornado,0,50000,IL,1
4/27/1994,Apr,1994,Tornado,0,500000,IL,1
4/28/1994,Apr,1994,Tornado,0,500000,IL,1
4/28/1994,Apr,1994,Tornado,0,5000,IL,1
5/14/1994,May,1994,Tornado,0,0,IL,1
6/26/1994,Jun,1994,Tornado,0,0,IL,1
7/20/1994,Jul,1994,Tornado,0,0,IL,1
7/20/1994,Jul,1994,Tornado,0,0,IL,1
4/18/1995,Apr,1995,Tornado,0,0,IL,1
5/9/1995,May,1995,Tornado,0,0,IL,1
5/9/1995,May,1995,Tornado,0,0,IL,1
5/9/1995,May,1995,Tornado,0,10000000,IL,1
5/9/1995,May,1995,Tornado,0,200000,IL,1
5/9/1995,May,1995,Tornado,0,0,IL,1
5/9/1995,May,1995,Tornado,0,0,IL,1
5/9/1995,May,1995,Tornado,0,20000,IL,1
5/9/1995,May,1995,Tornado,0,200000,IL,1
5/9/1995,May,1995,Tornado,0,3000000,IL,1
5/9/1995,May,1995,Tornado,0,2000000,IL,1
5/9/1995,May,1995,Tornado,0,1000000,IL,1
5/9/1995,May,1995,Tornado,0,0,IL,1
5/9/1995,May,1995,Tornado,0,0,IL,1
5/9/1995,May,1995,Tornado,0,0,IL,1
5/9/1995,May,1995,Tornado,0,0,IL,1
5/9/1995,May,1995,Tornado,0,150000,IL,1
5/9/1995,May,1995,Tornado,0,8200,IL,1
5/9/1995,May,1995,Tornado,0,150000,IL,1
5/9/1995,May,1995,Tornado,0,0,IL,1
5/9/1995,May,1995,Tornado,0,0,IL,1
5/9/1995,May,1995,Tornado,0,106000,IL,1
5/9/1995,May,1995,Tornado,0,0,IL,1
5/9/1995,May,1995,Tornado,0,10000,IL,1
5/10/1995,May,1995,Tornado,0,0,IL,1
Niota,Niota,#VALUE!,1518,F4,7,0,1
5/13/1995,May,1995,Tornado,0,1600000,IL,1
5/13/1995,May,1995,Tornado,0,6000000,IL,1
5/13/1995,May,1995,Tornado,0,4000000,IL,1
5/13/1995,May,1995,Tornado,0,0,IL,1
5/13/1995,May,1995,Tornado,0,0,IL,1
5/13/1995,May,1995,Tornado,0,150000,IL,1
5/13/1995,May,1995,Tornado,0,518000,IL,1
5/13/1995,May,1995,Tornado,0,5000,IL,1
5/18/1995,May,1995,Tornado,0,885,IL,1
5/18/1995,May,1995,Tornado,0,75000,IL,1
5/18/1995,May,1995,Tornado,0,23000,IL,1
5/18/1995,May,1995,Tornado,0,50000,IL,1
5/18/1995,May,1995,Tornado,0,110000,IL,1
5/18/1995,May,1995,Tornado,0,4300,IL,1
5/18/1995,May,1995,Tornado,0,100000,IL,1
5/18/1995,May,1995,Tornado,0,130000,IL,1
5/18/1995,May,1995,Tornado,0,0,IL,1
5/18/1995,May,1995,Tornado,0,50000,IL,1
5/27/1995,May,1995,Tornado,0,145,IL,1
5/27/1995,May,1995,Tornado,0,5000,IL,1
5/27/1995,May,1995,Tornado,0,0,IL,1
5/27/1995,May,1995,Tornado,0,0,IL,1
5/27/1995,May,1995,Tornado,0,20000,IL,1
5/27/1995,May,1995,Tornado,0,0,IL,1
5/27/1995,May,1995,Tornado,0,0,IL,1
6/2/1995,Jun,1995,Tornado,0,2000,IL,1
6/26/1995,Jun,1995,Tornado,0,85000,IL,1
6/26/1995,Jun,1995,Tornado,0,0,IL,1
6/27/1995,Jun,1995,Tornado,0,10000,IL,1
7/25/1995,Jul,1995,Tornado,0,200,IL,1
7/27/1995,Jul,1995,Tornado,0,0,IL,1
8/9/1995,Aug,1995,Tornado,0,0,IL,1
8/19/1995,Aug,1995,Tornado,0,0,IL,1
2/26/1996,Feb,1996,Tornado,0,0,IL,1
4/18/1996,Apr,1996,Tornado,0,1500000,IL,1
4/19/1996,Apr,1996,Tornado,0,0,IL,1
4/19/1996,Apr,1996,Tornado,0,0,IL,1
4/19/1996,Apr,1996,Tornado,0,0,IL,1
4/19/1996,Apr,1996,Tornado,0,0,IL,1
4/19/1996,Apr,1996,Tornado,0,0,IL,1
4/19/1996,Apr,1996,Tornado,0,0,IL,1
4/19/1996,Apr,1996,Tornado,0,2000,IL,1
4/19/1996,Apr,1996,Tornado,0,4000000,IL,1
4/19/1996,Apr,1996,Tornado,0,0,IL,1
4/19/1996,Apr,1996,Tornado,0,4000000,IL,1
4/19/1996,Apr,1996,Tornado,0,0,IL,1
4/19/1996,Apr,1996,Tornado,0,0,IL,1
4/19/1996,Apr,1996,Tornado,0,400000,IL,1
4/19/1996,Apr,1996,Tornado,0,5000,IL,1
4/19/1996,Apr,1996,Tornado,0,0,IL,1
4/19/1996,Apr,1996,Tornado,0,0,IL,1
4/19/1996,Apr,1996,Tornado,0,250000,IL,1
4/19/1996,Apr,1996,Tornado,0,15000,IL,1
4/19/1996,Apr,1996,Tornado,0,10000000,IL,1
4/19/1996,Apr,1996,Tornado,0,500,IL,1
4/19/1996,Apr,1996,Tornado,0,1000000,IL,1
4/19/1996,Apr,1996,Tornado,0,0,IL,1
4/19/1996,Apr,1996,Tornado,0,1000000,IL,1
4/19/1996,Apr,1996,Tornado,0,10000000,IL,1
4/19/1996,Apr,1996,Tornado,0,9000000,IL,1
4/19/1996,Apr,1996,Tornado,0,7000000,IL,1
4/19/1996,Apr,1996,Tornado,0,0,IL,1
4/19/1996,Apr,1996,Tornado,0,500000,IL,1
4/19/1996,Apr,1996,Tornado,0,5000,IL,1
4/19/1996,Apr,1996,Tornado,0,1000000,IL,1
4/19/1996,Apr,1996,Tornado,0,70000,IL,1
4/19/1996,Apr,1996,Tornado,0,0,IL,1
4/19/1996,Apr,1996,Tornado,0,5000,IL,1
4/19/1996,Apr,1996,Tornado,0,9000,IL,1
4/19/1996,Apr,1996,Tornado,0,50000,IL,1
4/19/1996,Apr,1996,Tornado,0,75000,IL,1
4/19/1996,Apr,1996,Tornado,0,0,IL,1
4/19/1996,Apr,1996,Tornado,0,20000,IL,1
4/19/1996,Apr,1996,Tornado,0,75000,IL,1
4/19/1996,Apr,1996,Tornado,0,9000000,IL,1
4/19/1996,Apr,1996,Tornado,1,0,IL,1
4/19/1996,Apr,1996,Tornado,0,0,IL,1
4/19/1996,Apr,1996,Tornado,0,200000,IL,1
4/19/1996,Apr,1996,Tornado,0,2800000,IL,1
4/19/1996,Apr,1996,Tornado,0,200000,IL,1
4/19/1996,Apr,1996,Tornado,0,1000000,IL,1
4/19/1996,Apr,1996,Tornado,0,6600000,IL,1
5/8/1996,May,1996,Tornado,0,0,IL,1
5/8/1996,May,1996,Tornado,0,0,IL,1
5/9/1996,May,1996,Tornado,0,0,IL,1
5/9/1996,May,1996,Tornado,0,0,IL,1
5/10/1996,May,1996,Tornado,0,500000,IL,1
5/19/1996,May,1996,Tornado,0,0,IL,1
5/25/1996,May,1996,Tornado,0,250000,IL,1
5/25/1996,May,1996,Tornado,0,10000,IL,1
5/27/1996,May,1996,Tornado,0,0,IL,1
5/27/1996,May,1996,Tornado,0,0,IL,1
5/27/1996,May,1996,Tornado,0,0,IL,1
5/28/1996,May,1996,Tornado,0,0,IL,1
6/6/1996,Jun,1996,Tornado,0,0,IL,1
6/6/1996,Jun,1996,Tornado,0,0,IL,1
6/6/1996,Jun,1996,Tornado,0,0,IL,1
6/10/1996,Jun,1996,Tornado,0,0,IL,1
7/17/1996,Jul,1996,Tornado,0,0,IL,1
7/28/1996,Jul,1996,Tornado,0,0,IL,1
8/18/1996,Aug,1996,Tornado,0,0,IL,1
8/18/1996,Aug,1996,Tornado,0,0,IL,1
10/17/1996,Oct,1996,Tornado,0,0,IL,1
12/23/1996,Dec,1996,Tornado,0,0,IL,1
4/5/1997,Apr,1997,Tornado,0,10000,IL,1
4/30/1997,Apr,1997,Tornado,0,0,IL,1
4/30/1997,Apr,1997,Tornado,0,0,IL,1
4/30/1997,Apr,1997,Tornado,0,5000,IL,1
4/30/1997,Apr,1997,Tornado,0,400000,IL,1
4/30/1997,Apr,1997,Tornado,0,400000,IL,1
4/30/1997,Apr,1997,Tornado,0,400000,IL,1
4/30/1997,Apr,1997,Tornado,0,0,IL,1
4/30/1997,Apr,1997,Tornado,0,20000,IL,1
4/30/1997,Apr,1997,Tornado,0,0,IL,1
4/30/1997,Apr,1997,Tornado,0,20000,IL,1
4/30/1997,Apr,1997,Tornado,0,450000,IL,1
4/30/1997,Apr,1997,Tornado,0,0,IL,1
4/30/1997,Apr,1997,Tornado,0,0,IL,1
4/30/1997,Apr,1997,Tornado,0,25000,IL,1
4/30/1997,Apr,1997,Tornado,0,115000,IL,1
4/30/1997,Apr,1997,Tornado,0,0,IL,1
4/30/1997,Apr,1997,Tornado,0,0,IL,1
4/30/1997,Apr,1997,Tornado,0,20000,IL,1
4/30/1997,Apr,1997,Tornado,0,0,IL,1
4/30/1997,Apr,1997,Tornado,0,0,IL,1
4/30/1997,Apr,1997,Tornado,0,100000,IL,1
4/30/1997,Apr,1997,Tornado,0,0,IL,1
5/18/1997,May,1997,Tornado,0,0,IL,1
5/18/1997,May,1997,Tornado,0,0,IL,1
5/18/1997,May,1997,Tornado,0,0,IL,1
5/18/1997,May,1997,Tornado,0,0,IL,1
5/25/1997,May,1997,Tornado,0,0,IL,1
6/11/1997,Jun,1997,Tornado,0,0,IL,1
7/18/1997,Jul,1997,Tornado,0,0,IL,1
7/18/1997,Jul,1997,Tornado,0,0,IL,1
7/19/1997,Jul,1997,Tornado,0,0,IL,1
7/27/1997,Jul,1997,Tornado,0,0,IL,1
8/3/1997,Aug,1997,Tornado,0,0,IL,1
8/3/1997,Aug,1997,Tornado,0,0,IL,1
3/28/1998,Mar,1998,Tornado,0,3000000,IL,1
4/7/1998,Apr,1998,Tornado,0,0,IL,1
4/7/1998,Apr,1998,Tornado,0,0,IL,1
4/7/1998,Apr,1998,Tornado,0,0,IL,1
4/7/1998,Apr,1998,Tornado,0,0,IL,1
4/7/1998,Apr,1998,Tornado,0,0,IL,1
4/7/1998,Apr,1998,Tornado,0,0,IL,1
4/7/1998,Apr,1998,Tornado,0,0,IL,1
4/7/1998,Apr,1998,Tornado,0,8000,IL,1
4/7/1998,Apr,1998,Tornado,0,0,IL,1
4/7/1998,Apr,1998,Tornado,0,3000,IL,1
4/7/1998,Apr,1998,Tornado,0,0,IL,1
4/7/1998,Apr,1998,Tornado,0,0,IL,1
4/7/1998,Apr,1998,Tornado,0,0,IL,1
4/7/1998,Apr,1998,Tornado,0,200,IL,1
4/7/1998,Apr,1998,Tornado,0,0,IL,1
4/7/1998,Apr,1998,Tornado,0,0,IL,1
4/7/1998,Apr,1998,Tornado,0,0,IL,1
4/7/1998,Apr,1998,Tornado,0,100000,IL,1
4/7/1998,Apr,1998,Tornado,0,0,IL,1
4/7/1998,Apr,1998,Tornado,0,0,IL,1
4/7/1998,Apr,1998,Tornado,0,0,IL,1
4/7/1998,Apr,1998,Tornado,0,0,IL,1
4/7/1998,Apr,1998,Tornado,0,0,IL,1
4/7/1998,Apr,1998,Tornado,0,0,IL,1
4/7/1998,Apr,1998,Tornado,0,0,IL,1
4/7/1998,Apr,1998,Tornado,0,0,IL,1
4/7/1998,Apr,1998,Tornado,0,0,IL,1
4/7/1998,Apr,1998,Tornado,0,0,IL,1
4/13/1998,Apr,1998,Tornado,0,800000,IL,1
4/13/1998,Apr,1998,Tornado,0,60000,IL,1
4/15/1998,Apr,1998,Tornado,0,0,IL,1
4/15/1998,Apr,1998,Tornado,0,0,IL,1
4/15/1998,Apr,1998,Tornado,0,0,IL,1
4/15/1998,Apr,1998,Tornado,0,0,IL,1
4/15/1998,Apr,1998,Tornado,0,0,IL,1
4/15/1998,Apr,1998,Tornado,0,0,IL,1
4/15/1998,Apr,1998,Tornado,0,10000,IL,1
4/15/1998,Apr,1998,Tornado,0,0,IL,1
4/15/1998,Apr,1998,Tornado,0,20000,IL,1
4/15/1998,Apr,1998,Tornado,0,400000,IL,1
4/15/1998,Apr,1998,Tornado,0,50000,IL,1
4/15/1998,Apr,1998,Tornado,0,0,IL,1
4/15/1998,Apr,1998,Tornado,0,0,IL,1
4/15/1998,Apr,1998,Tornado,0,2100000,IL,1
4/15/1998,Apr,1998,Tornado,0,100000,IL,1
4/15/1998,Apr,1998,Tornado,0,0,IL,1
4/15/1998,Apr,1998,Tornado,0,0,IL,1
4/15/1998,Apr,1998,Tornado,0,0,IL,1
4/29/1998,Apr,1998,Tornado,0,35000,IL,1
4/30/1998,Apr,1998,Tornado,0,0,IL,1
4/30/1998,Apr,1998,Tornado,0,0,IL,1
5/2/1998,May,1998,Tornado,0,0,IL,1
5/2/1998,May,1998,Tornado,0,0,IL,1
5/3/1998,May,1998,Tornado,0,20000,IL,1
5/12/1998,May,1998,Tornado,0,0,IL,1
5/12/1998,May,1998,Tornado,0,0,IL,1
5/12/1998,May,1998,Tornado,0,0,IL,1
5/12/1998,May,1998,Tornado,0,50000,IL,1
5/12/1998,May,1998,Tornado,0,0,IL,1
5/12/1998,May,1998,Tornado,0,0,IL,1
5/12/1998,May,1998,Tornado,0,0,IL,1
5/15/1998,May,1998,Tornado,0,50,IL,1
5/15/1998,May,1998,Tornado,0,4000,IL,1
5/19/1998,May,1998,Tornado,0,50000,IL,1
5/19/1998,May,1998,Tornado,0,1000,IL,1
5/19/1998,May,1998,Tornado,0,0,IL,1
5/19/1998,May,1998,Tornado,0,0,IL,1
5/19/1998,May,1998,Tornado,0,0,IL,1
5/28/1998,May,1998,Tornado,0,0,IL,1
5/28/1998,May,1998,Tornado,0,1000,IL,1
6/12/1998,Jun,1998,Tornado,0,0,IL,1
6/12/1998,Jun,1998,Tornado,0,2000,IL,1
6/12/1998,Jun,1998,Tornado,0,100000,IL,1
6/14/1998,Jun,1998,Tornado,0,0,IL,1
6/14/1998,Jun,1998,Tornado,0,0,IL,1
6/14/1998,Jun,1998,Tornado,0,0,IL,1
6/14/1998,Jun,1998,Tornado,0,5000,IL,1
6/14/1998,Jun,1998,Tornado,0,0,IL,1
6/14/1998,Jun,1998,Tornado,0,0,IL,1
6/14/1998,Jun,1998,Tornado,0,0,IL,1
6/14/1998,Jun,1998,Tornado,0,0,IL,1
6/14/1998,Jun,1998,Tornado,0,0,IL,1
6/14/1998,Jun,1998,Tornado,0,0,IL,1
6/14/1998,Jun,1998,Tornado,0,0,IL,1
6/18/1998,Jun,1998,Tornado,0,110000,IL,1
6/18/1998,Jun,1998,Tornado,0,0,IL,1
6/18/1998,Jun,1998,Tornado,0,0,IL,1
6/18/1998,Jun,1998,Tornado,0,0,IL,1
6/22/1998,Jun,1998,Tornado,0,0,IL,1
6/25/1998,Jun,1998,Tornado,0,0,IL,1
6/29/1998,Jun,1998,Tornado,0,5000,IL,1
6/29/1998,Jun,1998,Tornado,0,2000,IL,1
6/29/1998,Jun,1998,Tornado,0,15000,IL,1
6/29/1998,Jun,1998,Tornado,0,2000000,IL,1
6/29/1998,Jun,1998,Tornado,0,670000,IL,1
6/29/1998,Jun,1998,Tornado,0,15000,IL,1
6/29/1998,Jun,1998,Tornado,0,1000000,IL,1
6/29/1998,Jun,1998,Tornado,0,0,IL,1
6/29/1998,Jun,1998,Tornado,0,130000,IL,1
6/29/1998,Jun,1998,Tornado,0,0,IL,1
6/29/1998,Jun,1998,Tornado,0,80000,IL,1
8/24/1998,Aug,1998,Tornado,0,80000,IL,1
11/10/1998,Nov,1998,Tornado,0,20000,IL,1
12/6/1998,Dec,1998,Tornado,0,300000,IL,1
1/21/1999,Jan,1999,Tornado,0,150000,IL,1
1/21/1999,Jan,1999,Tornado,0,20000,IL,1
1/21/1999,Jan,1999,Tornado,0,1000,IL,1
1/22/1999,Jan,1999,Tornado,0,800000,IL,1
2/11/1999,Feb,1999,Tornado,0,300000,IL,1
2/11/1999,Feb,1999,Tornado,0,100000,IL,1
2/11/1999,Feb,1999,Tornado,0,200000,IL,1
2/11/1999,Feb,1999,Tornado,0,80000,IL,1
2/27/1999,Feb,1999,Tornado,0,0,IL,1
4/5/1999,Apr,1999,Tornado,0,10000,IL,1
4/5/1999,Apr,1999,Tornado,0,5500,IL,1
4/5/1999,Apr,1999,Tornado,0,3000,IL,1
4/8/1999,Apr,1999,Tornado,0,15000000,IL,1
4/8/1999,Apr,1999,Tornado,0,0,IL,1
4/8/1999,Apr,1999,Tornado,0,0,IL,1
4/8/1999,Apr,1999,Tornado,0,0,IL,1
4/8/1999,Apr,1999,Tornado,0,0,IL,1
4/8/1999,Apr,1999,Tornado,0,150000,IL,1
4/8/1999,Apr,1999,Tornado,0,100000,IL,1
4/8/1999,Apr,1999,Tornado,0,0,IL,1
4/8/1999,Apr,1999,Tornado,0,0,IL,1
4/8/1999,Apr,1999,Tornado,1,1750000,IL,1
4/8/1999,Apr,1999,Tornado,0,0,IL,1
4/8/1999,Apr,1999,Tornado,0,0,IL,1
4/8/1999,Apr,1999,Tornado,0,0,IL,1
4/8/1999,Apr,1999,Tornado,1,150000,IL,1
4/8/1999,Apr,1999,Tornado,0,50000,IL,1
4/8/1999,Apr,1999,Tornado,0,50000,IL,1
4/22/1999,Apr,1999,Tornado,0,0,IL,1
4/22/1999,Apr,1999,Tornado,0,0,IL,1
5/5/1999,May,1999,Tornado,0,0,IL,1
5/12/1999,May,1999,Tornado,0,0,IL,1
5/12/1999,May,1999,Tornado,0,0,IL,1
5/12/1999,May,1999,Tornado,0,0,IL,1
5/16/1999,May,1999,Tornado,0,0,IL,1
6/1/1999,Jun,1999,Tornado,0,60000,IL,1
6/1/1999,Jun,1999,Tornado,0,0,IL,1
6/1/1999,Jun,1999,Tornado,0,500000,IL,1
6/1/1999,Jun,1999,Tornado,0,0,IL,1
6/1/1999,Jun,1999,Tornado,1,0,IL,1
6/1/1999,Jun,1999,Tornado,0,0,IL,1
6/1/1999,Jun,1999,Tornado,0,750000,IL,1
6/1/1999,Jun,1999,Tornado,0,0,IL,1
6/1/1999,Jun,1999,Tornado,0,0,IL,1
6/1/1999,Jun,1999,Tornado,0,2000000,IL,1
6/1/1999,Jun,1999,Tornado,0,0,IL,1
6/1/1999,Jun,1999,Tornado,0,0,IL,1
6/1/1999,Jun,1999,Tornado,0,0,IL,1
6/1/1999,Jun,1999,Tornado,0,350000,IL,1
6/4/1999,Jun,1999,Tornado,0,0,IL,1
6/4/1999,Jun,1999,Tornado,0,0,IL,1
6/4/1999,Jun,1999,Tornado,0,0,IL,1
6/4/1999,Jun,1999,Tornado,0,0,IL,1
6/4/1999,Jun,1999,Tornado,0,0,IL,1
6/4/1999,Jun,1999,Tornado,0,0,IL,1
6/4/1999,Jun,1999,Tornado,0,0,IL,1
6/4/1999,Jun,1999,Tornado,0,0,IL,1
6/4/1999,Jun,1999,Tornado,0,0,IL,1
6/4/1999,Jun,1999,Tornado,0,0,IL,1
6/4/1999,Jun,1999,Tornado,0,0,IL,1
6/4/1999,Jun,1999,Tornado,0,0,IL,1
6/4/1999,Jun,1999,Tornado,0,0,IL,1
6/4/1999,Jun,1999,Tornado,0,0,IL,1
6/4/1999,Jun,1999,Tornado,0,0,IL,1
6/4/1999,Jun,1999,Tornado,0,0,IL,1
6/4/1999,Jun,1999,Tornado,0,0,IL,1
6/4/1999,Jun,1999,Tornado,0,0,IL,1
6/4/1999,Jun,1999,Tornado,0,0,IL,1
6/4/1999,Jun,1999,Tornado,0,0,IL,1
6/4/1999,Jun,1999,Tornado,0,0,IL,1
6/6/1999,Jun,1999,Tornado,0,0,IL,1
6/6/1999,Jun,1999,Tornado,0,0,IL,1
6/12/1999,Jun,1999,Tornado,0,0,IL,1
6/12/1999,Jun,1999,Tornado,0,0,IL,1
8/12/1999,Aug,1999,Tornado,0,20000,IL,1
8/12/1999,Aug,1999,Tornado,0,0,IL,1
4/20/2000,Apr,2000,Tornado,0,25000,IL,1
4/20/2000,Apr,2000,Tornado,0,0,IL,1
4/20/2000,Apr,2000,Tornado,0,0,IL,1
4/20/2000,Apr,2000,Tornado,0,0,IL,1
4/20/2000,Apr,2000,Tornado,0,0,IL,1
4/20/2000,Apr,2000,Tornado,0,0,IL,1
5/8/2000,May,2000,Tornado,0,0,IL,1
5/8/2000,May,2000,Tornado,0,275000,IL,1
5/8/2000,May,2000,Tornado,0,175000,IL,1
5/12/2000,May,2000,Tornado,0,0,IL,1
5/12/2000,May,2000,Tornado,0,0,IL,1
5/12/2000,May,2000,Tornado,0,0,IL,1
5/12/2000,May,2000,Tornado,0,200000,IL,1
5/12/2000,May,2000,Tornado,0,0,IL,1
5/12/2000,May,2000,Tornado,0,15000,IL,1
5/18/2000,May,2000,Tornado,0,0,IL,1
5/18/2000,May,2000,Tornado,0,0,IL,1
5/18/2000,May,2000,Tornado,0,0,IL,1
5/18/2000,May,2000,Tornado,0,0,IL,1
5/18/2000,May,2000,Tornado,0,15000,IL,1
5/18/2000,May,2000,Tornado,0,10000,IL,1
5/18/2000,May,2000,Tornado,0,0,IL,1
5/18/2000,May,2000,Tornado,0,5000,IL,1
5/18/2000,May,2000,Tornado,0,0,IL,1
5/18/2000,May,2000,Tornado,0,0,IL,1
5/18/2000,May,2000,Tornado,0,0,IL,1
5/18/2000,May,2000,Tornado,0,0,IL,1
5/18/2000,May,2000,Tornado,0,0,IL,1
5/18/2000,May,2000,Tornado,0,0,IL,1
5/18/2000,May,2000,Tornado,0,0,IL,1
5/18/2000,May,2000,Tornado,0,0,IL,1
5/18/2000,May,2000,Tornado,0,0,IL,1
5/18/2000,May,2000,Tornado,0,0,IL,1
5/18/2000,May,2000,Tornado,0,0,IL,1
5/18/2000,May,2000,Tornado,0,0,IL,1
5/18/2000,May,2000,Tornado,0,0,IL,1
5/18/2000,May,2000,Tornado,0,0,IL,1
5/26/2000,May,2000,Tornado,0,0,IL,1
5/26/2000,May,2000,Tornado,0,0,IL,1
5/26/2000,May,2000,Tornado,0,0,IL,1
5/26/2000,May,2000,Tornado,0,0,IL,1
5/26/2000,May,2000,Tornado,0,44000,IL,1
5/31/2000,May,2000,Tornado,0,0,IL,1
6/16/2000,Jun,2000,Tornado,0,0,IL,1
6/20/2000,Jun,2000,Tornado,0,75000,IL,1
6/20/2000,Jun,2000,Tornado,0,0,IL,1
6/20/2000,Jun,2000,Tornado,0,23000,IL,1
6/20/2000,Jun,2000,Tornado,0,1000,IL,1
6/20/2000,Jun,2000,Tornado,0,0,IL,1
6/20/2000,Jun,2000,Tornado,0,20000,IL,1
6/24/2000,Jun,2000,Tornado,0,0,IL,1
7/18/2000,Jul,2000,Tornado,0,0,IL,1
7/18/2000,Jul,2000,Tornado,0,0,IL,1
7/18/2000,Jul,2000,Tornado,0,0,IL,1
7/31/2000,Jul,2000,Tornado,0,0,IL,1
8/23/2000,Aug,2000,Tornado,0,7000,IL,1
9/11/2000,Sep,2000,Tornado,0,0,IL,1
10/5/2000,Oct,2000,Tornado,0,0,IL,1
4/9/2001,Apr,2001,Tornado,0,0,IL,1
4/10/2001,Apr,2001,Tornado,0,5000000,IL,1
5/10/2001,May,2001,Tornado,0,0,IL,1
5/26/2001,May,2001,Tornado,0,0,IL,1
5/31/2001,May,2001,Tornado,0,50000,IL,1
5/31/2001,May,2001,Tornado,0,0,IL,1
7/8/2001,Jul,2001,Tornado,0,0,IL,1
7/8/2001,Jul,2001,Tornado,0,0,IL,1
7/17/2001,Jul,2001,Tornado,0,0,IL,1
8/18/2001,Aug,2001,Tornado,0,0,IL,1
8/18/2001,Aug,2001,Tornado,0,0,IL,1
8/18/2001,Aug,2001,Tornado,0,0,IL,1
8/18/2001,Aug,2001,Tornado,0,0,IL,1
8/18/2001,Aug,2001,Tornado,0,0,IL,1
8/25/2001,Aug,2001,Tornado,0,0,IL,1
10/24/2001,Oct,2001,Tornado,0,0,IL,1
10/24/2001,Oct,2001,Tornado,0,2200000,IL,1
10/24/2001,Oct,2001,Tornado,0,500000,IL,1
10/24/2001,Oct,2001,Tornado,0,0,IL,1
10/24/2001,Oct,2001,Tornado,0,50000,IL,1
4/18/2002,Apr,2002,Tornado,0,0,IL,1
4/19/2002,Apr,2002,Tornado,0,0,IL,1
4/21/2002,Apr,2002,Tornado,0,2000,IL,1
4/21/2002,Apr,2002,Tornado,1,4000000,IL,1
4/24/2002,Apr,2002,Tornado,0,0,IL,1
4/27/2002,Apr,2002,Tornado,0,0,IL,1
4/27/2002,Apr,2002,Tornado,0,0,IL,1
4/28/2002,Apr,2002,Tornado,0,3500000,IL,1
4/28/2002,Apr,2002,Tornado,1,5000000,IL,1
4/28/2002,Apr,2002,Tornado,0,3000000,IL,1
4/28/2002,Apr,2002,Tornado,0,100000,IL,1
4/28/2002,Apr,2002,Tornado,0,400000,IL,1
5/1/2002,May,2002,Tornado,0,0,IL,1
5/1/2002,May,2002,Tornado,0,0,IL,1
5/1/2002,May,2002,Tornado,0,0,IL,1
5/1/2002,May,2002,Tornado,0,0,IL,1
5/1/2002,May,2002,Tornado,0,0,IL,1
5/1/2002,May,2002,Tornado,0,0,IL,1
5/1/2002,May,2002,Tornado,0,0,IL,1
5/1/2002,May,2002,Tornado,0,0,IL,1
5/1/2002,May,2002,Tornado,0,0,IL,1
5/1/2002,May,2002,Tornado,0,0,IL,1
5/1/2002,May,2002,Tornado,0,0,IL,1
5/1/2002,May,2002,Tornado,0,0,IL,1
5/1/2002,May,2002,Tornado,0,0,IL,1
5/7/2002,May,2002,Tornado,0,0,IL,1
5/8/2002,May,2002,Tornado,0,0,IL,1
5/8/2002,May,2002,Tornado,0,0,IL,1
5/9/2002,May,2002,Tornado,2,0,IL,1
5/12/2002,May,2002,Tornado,0,0,IL,1
6/4/2002,Jun,2002,Tornado,0,0,IL,1
6/4/2002,Jun,2002,Tornado,0,0,IL,1
6/11/2002,Jun,2002,Tornado,0,0,IL,1
6/11/2002,Jun,2002,Tornado,0,0,IL,1
6/11/2002,Jun,2002,Tornado,0,0,IL,1
6/11/2002,Jun,2002,Tornado,0,0,IL,1
6/11/2002,Jun,2002,Tornado,0,0,IL,1
6/12/2002,Jun,2002,Tornado,0,0,IL,1
11/10/2002,Nov,2002,Tornado,0,4000,IL,1
11/10/2002,Nov,2002,Tornado,0,1000,IL,1
3/19/2003,Mar,2003,Tornado,0,0,IL,1
4/4/2003,Apr,2003,Tornado,0,50000,IL,1
4/4/2003,Apr,2003,Tornado,0,0,IL,1
4/4/2003,Apr,2003,Tornado,0,0,IL,1
4/4/2003,Apr,2003,Tornado,0,0,IL,1
4/4/2003,Apr,2003,Tornado,0,0,IL,1
4/4/2003,Apr,2003,Tornado,0,0,IL,1
4/4/2003,Apr,2003,Tornado,0,0,IL,1
4/25/2003,Apr,2003,Tornado,0,0,IL,1
4/30/2003,Apr,2003,Tornado,0,500000,IL,1
4/30/2003,Apr,2003,Tornado,0,50000,IL,1
4/30/2003,Apr,2003,Tornado,0,500000,IL,1
4/30/2003,Apr,2003,Tornado,0,250000,IL,1
4/30/2003,Apr,2003,Tornado,0,300000,IL,1
4/30/2003,Apr,2003,Tornado,0,0,IL,1
4/30/2003,Apr,2003,Tornado,0,0,IL,1
5/4/2003,May,2003,Tornado,0,0,IL,1
5/4/2003,May,2003,Tornado,0,0,IL,1
5/4/2003,May,2003,Tornado,0,8000,IL,1
5/6/2003,May,2003,Tornado,0,0,IL,1
5/6/2003,May,2003,Tornado,0,0,IL,1
5/6/2003,May,2003,Tornado,0,0,IL,1
5/6/2003,May,2003,Tornado,0,0,IL,1
5/6/2003,May,2003,Tornado,1,3500000,IL,1
5/6/2003,May,2003,Tornado,1,10000000,IL,1
5/6/2003,May,2003,Tornado,0,2500000,IL,1
5/6/2003,May,2003,Tornado,0,300000,IL,1
5/6/2003,May,2003,Tornado,0,0,IL,1
5/6/2003,May,2003,Tornado,0,0,IL,1
5/6/2003,May,2003,Tornado,0,0,IL,1
5/6/2003,May,2003,Tornado,0,80000,IL,1
5/8/2003,May,2003,Tornado,0,0,IL,1
5/8/2003,May,2003,Tornado,0,0,IL,1
5/9/2003,May,2003,Tornado,0,0,IL,1
5/10/2003,May,2003,Tornado,0,0,IL,1
5/10/2003,May,2003,Tornado,0,0,IL,1
5/10/2003,May,2003,Tornado,0,45000,IL,1
5/10/2003,May,2003,Tornado,0,0,IL,1
5/10/2003,May,2003,Tornado,0,0,IL,1
5/10/2003,May,2003,Tornado,0,0,IL,1
5/10/2003,May,2003,Tornado,0,15000,IL,1
5/10/2003,May,2003,Tornado,0,0,IL,1
5/10/2003,May,2003,Tornado,0,400000,IL,1
5/10/2003,May,2003,Tornado,0,0,IL,1
5/10/2003,May,2003,Tornado,0,400000,IL,1
5/10/2003,May,2003,Tornado,0,0,IL,1
5/10/2003,May,2003,Tornado,0,300000,IL,1
5/10/2003,May,2003,Tornado,0,0,IL,1
5/10/2003,May,2003,Tornado,0,0,IL,1
5/10/2003,May,2003,Tornado,0,100000,IL,1
5/10/2003,May,2003,Tornado,0,0,IL,1
5/10/2003,May,2003,Tornado,0,100000,IL,1
5/10/2003,May,2003,Tornado,0,0,IL,1
5/10/2003,May,2003,Tornado,0,50000,IL,1
5/10/2003,May,2003,Tornado,0,400000,IL,1
5/10/2003,May,2003,Tornado,0,250000,IL,1
5/10/2003,May,2003,Tornado,0,0,IL,1
5/10/2003,May,2003,Tornado,0,0,IL,1
5/10/2003,May,2003,Tornado,0,0,IL,1
5/10/2003,May,2003,Tornado,0,10000000,IL,1
5/10/2003,May,2003,Tornado,0,50000,IL,1
5/10/2003,May,2003,Tornado,0,0,IL,1
5/10/2003,May,2003,Tornado,0,0,IL,1
5/10/2003,May,2003,Tornado,0,0,IL,1
5/10/2003,May,2003,Tornado,0,0,IL,1
5/14/2003,May,2003,Tornado,0,2000,IL,1
5/14/2003,May,2003,Tornado,0,0,IL,1
5/14/2003,May,2003,Tornado,0,0,IL,1
5/14/2003,May,2003,Tornado,0,0,IL,1
5/14/2003,May,2003,Tornado,0,0,IL,1
5/14/2003,May,2003,Tornado,0,0,IL,1
5/14/2003,May,2003,Tornado,0,0,IL,1
5/14/2003,May,2003,Tornado,0,0,IL,1
5/28/2003,May,2003,Tornado,0,0,IL,1
5/28/2003,May,2003,Tornado,0,0,IL,1
5/28/2003,May,2003,Tornado,0,0,IL,1
5/28/2003,May,2003,Tornado,0,0,IL,1
5/28/2003,May,2003,Tornado,0,0,IL,1
5/28/2003,May,2003,Tornado,0,0,IL,1
5/28/2003,May,2003,Tornado,0,0,IL,1
5/28/2003,May,2003,Tornado,0,0,IL,1
5/28/2003,May,2003,Tornado,0,0,IL,1
5/28/2003,May,2003,Tornado,0,0,IL,1
5/28/2003,May,2003,Tornado,0,0,IL,1
5/28/2003,May,2003,Tornado,0,0,IL,1
5/30/2003,May,2003,Tornado,0,0,IL,1
5/30/2003,May,2003,Tornado,0,0,IL,1
5/30/2003,May,2003,Tornado,0,0,IL,1
5/30/2003,May,2003,Tornado,0,0,IL,1
5/30/2003,May,2003,Tornado,0,0,IL,1
5/30/2003,May,2003,Tornado,0,0,IL,1
5/30/2003,May,2003,Tornado,0,0,IL,1
5/30/2003,May,2003,Tornado,0,0,IL,1
5/30/2003,May,2003,Tornado,0,0,IL,1
5/30/2003,May,2003,Tornado,0,0,IL,1
5/30/2003,May,2003,Tornado,0,0,IL,1
5/30/2003,May,2003,Tornado,0,0,IL,1
5/30/2003,May,2003,Tornado,0,0,IL,1
5/30/2003,May,2003,Tornado,0,60000,IL,1
5/30/2003,May,2003,Tornado,0,0,IL,1
5/30/2003,May,2003,Tornado,0,0,IL,1
5/30/2003,May,2003,Tornado,0,0,IL,1
5/30/2003,May,2003,Tornado,0,0,IL,1
5/30/2003,May,2003,Tornado,0,2500000,IL,1
5/30/2003,May,2003,Tornado,0,0,IL,1
5/30/2003,May,2003,Tornado,0,9300000,IL,1
6/10/2003,Jun,2003,Tornado,0,0,IL,1
6/10/2003,Jun,2003,Tornado,0,0,IL,1
6/10/2003,Jun,2003,Tornado,0,0,IL,1
6/10/2003,Jun,2003,Tornado,0,0,IL,1
6/10/2003,Jun,2003,Tornado,0,0,IL,1
6/10/2003,Jun,2003,Tornado,0,0,IL,1
6/10/2003,Jun,2003,Tornado,0,0,IL,1
6/10/2003,Jun,2003,Tornado,0,0,IL,1
6/11/2003,Jun,2003,Tornado,0,0,IL,1
6/11/2003,Jun,2003,Tornado,0,0,IL,1
6/11/2003,Jun,2003,Tornado,0,0,IL,1
6/11/2003,Jun,2003,Tornado,0,0,IL,1
6/11/2003,Jun,2003,Tornado,0,0,IL,1
6/11/2003,Jun,2003,Tornado,0,0,IL,1
6/11/2003,Jun,2003,Tornado,0,0,IL,1
6/11/2003,Jun,2003,Tornado,0,0,IL,1
6/13/2003,Jun,2003,Tornado,0,0,IL,1
6/14/2003,Jun,2003,Tornado,0,0,IL,1
6/14/2003,Jun,2003,Tornado,0,0,IL,1
6/14/2003,Jun,2003,Tornado,0,0,IL,1
6/14/2003,Jun,2003,Tornado,0,0,IL,1
6/14/2003,Jun,2003,Tornado,0,0,IL,1
6/14/2003,Jun,2003,Tornado,0,0,IL,1
7/8/2003,Jul,2003,Tornado,0,25000,IL,1
7/9/2003,Jul,2003,Tornado,0,0,IL,1
7/27/2003,Jul,2003,Tornado,0,0,IL,1
8/31/2003,Aug,2003,Tornado,0,0,IL,1
9/12/2003,Sep,2003,Tornado,0,5000,IL,1
9/26/2003,Sep,2003,Tornado,0,15000,IL,1
9/26/2003,Sep,2003,Tornado,0,10000000,IL,1
4/20/2004,Apr,2004,Tornado,0,50000,IL,1
4/20/2004,Apr,2004,Tornado,0,15000,IL,1
4/20/2004,Apr,2004,Tornado,0,0,IL,1
4/20/2004,Apr,2004,Tornado,0,0,IL,1
4/20/2004,Apr,2004,Tornado,0,250000,IL,1
4/20/2004,Apr,2004,Tornado,0,10000,IL,1
4/20/2004,Apr,2004,Tornado,0,0,IL,1
4/20/2004,Apr,2004,Tornado,0,8000000,IL,1
4/20/2004,Apr,2004,Tornado,8,0,IL,1
4/20/2004,Apr,2004,Tornado,0,0,IL,1
4/20/2004,Apr,2004,Tornado,0,0,IL,1
4/20/2004,Apr,2004,Tornado,0,0,IL,1
4/20/2004,Apr,2004,Tornado,0,0,IL,1
4/20/2004,Apr,2004,Tornado,0,0,IL,1
4/20/2004,Apr,2004,Tornado,0,0,IL,1
4/20/2004,Apr,2004,Tornado,0,76000,IL,1
4/20/2004,Apr,2004,Tornado,0,0,IL,1
4/20/2004,Apr,2004,Tornado,0,0,IL,1
4/20/2004,Apr,2004,Tornado,0,5000000,IL,1
4/20/2004,Apr,2004,Tornado,0,0,IL,1
4/20/2004,Apr,2004,Tornado,0,0,IL,1
5/2/2004,May,2004,Tornado,0,0,IL,1
5/7/2004,May,2004,Tornado,0,0,IL,1
5/10/2004,May,2004,Tornado,0,0,IL,1
5/10/2004,May,2004,Tornado,0,0,IL,1
5/10/2004,May,2004,Tornado,0,0,IL,1
5/18/2004,May,2004,Tornado,0,0,IL,1
5/18/2004,May,2004,Tornado,0,0,IL,1
5/18/2004,May,2004,Tornado,0,0,IL,1
5/19/2004,May,2004,Tornado,0,0,IL,1
5/23/2004,May,2004,Tornado,0,0,IL,1
5/23/2004,May,2004,Tornado,0,0,IL,1
5/23/2004,May,2004,Tornado,0,0,IL,1
5/24/2004,May,2004,Tornado,0,0,IL,1
5/24/2004,May,2004,Tornado,0,0,IL,1
5/24/2004,May,2004,Tornado,0,0,IL,1
5/24/2004,May,2004,Tornado,1,0,IL,1
5/24/2004,May,2004,Tornado,0,4000000,IL,1
5/24/2004,May,2004,Tornado,0,0,IL,1
5/25/2004,May,2004,Tornado,0,0,IL,1
5/30/2004,May,2004,Tornado,0,0,IL,1
5/30/2004,May,2004,Tornado,0,0,IL,1
5/30/2004,May,2004,Tornado,0,0,IL,1
5/30/2004,May,2004,Tornado,0,0,IL,1
5/30/2004,May,2004,Tornado,0,0,IL,1
5/30/2004,May,2004,Tornado,0,250000,IL,1
5/30/2004,May,2004,Tornado,0,0,IL,1
5/30/2004,May,2004,Tornado,0,0,IL,1
5/30/2004,May,2004,Tornado,0,0,IL,1
5/30/2004,May,2004,Tornado,0,0,IL,1
5/30/2004,May,2004,Tornado,0,250000,IL,1
5/30/2004,May,2004,Tornado,0,0,IL,1
5/30/2004,May,2004,Tornado,0,0,IL,1
5/30/2004,May,2004,Tornado,0,0,IL,1
5/30/2004,May,2004,Tornado,0,100000,IL,1
5/30/2004,May,2004,Tornado,0,0,IL,1
5/30/2004,May,2004,Tornado,0,0,IL,1
5/30/2004,May,2004,Tornado,0,0,IL,1
5/30/2004,May,2004,Tornado,0,0,IL,1
5/30/2004,May,2004,Tornado,0,0,IL,1
6/10/2004,Jun,2004,Tornado,0,0,IL,1
6/10/2004,Jun,2004,Tornado,0,0,IL,1
6/10/2004,Jun,2004,Tornado,0,5000,IL,1
6/10/2004,Jun,2004,Tornado,0,0,IL,1
6/10/2004,Jun,2004,Tornado,0,12000,IL,1
6/10/2004,Jun,2004,Tornado,0,12000,IL,1
6/10/2004,Jun,2004,Tornado,0,0,IL,1
7/3/2004,Jul,2004,Tornado,0,0,IL,1
7/3/2004,Jul,2004,Tornado,0,0,IL,1
7/5/2004,Jul,2004,Tornado,0,7500,IL,1
7/5/2004,Jul,2004,Tornado,0,0,IL,1
7/5/2004,Jul,2004,Tornado,0,0,IL,1
7/13/2004,Jul,2004,Tornado,0,20000,IL,1
7/13/2004,Jul,2004,Tornado,0,10000,IL,1
7/13/2004,Jul,2004,Tornado,0,0,IL,1
7/13/2004,Jul,2004,Tornado,0,0,IL,1
8/24/2004,Aug,2004,Tornado,0,0,IL,1
8/26/2004,Aug,2004,Tornado,0,0,IL,1
10/18/2004,Oct,2004,Tornado,0,4000,IL,1
10/18/2004,Oct,2004,Tornado,0,10000,IL,1
10/18/2004,Oct,2004,Tornado,0,25000,IL,1
10/18/2004,Oct,2004,Tornado,0,500000,IL,1
10/18/2004,Oct,2004,Tornado,0,50000,IL,1
10/18/2004,Oct,2004,Tornado,0,150000,IL,1
11/1/2004,Nov,2004,Tornado,0,0,IL,1
11/1/2004,Nov,2004,Tornado,0,0,IL,1
11/1/2004,Nov,2004,Tornado,0,0,IL,1
1/13/2005,Jan,2005,Tornado,0,70000,IL,1
3/30/2005,Mar,2005,Tornado,0,0,IL,1
3/30/2005,Mar,2005,Tornado,0,0,IL,1
4/12/2005,Apr,2005,Tornado,0,0,IL,1
4/12/2005,Apr,2005,Tornado,0,0,IL,1
4/22/2005,Apr,2005,Tornado,0,0,IL,1
4/22/2005,Apr,2005,Tornado,0,0,IL,1
5/11/2005,May,2005,Tornado,0,0,IL,1
6/8/2005,Jun,2005,Tornado,0,0,IL,1
6/8/2005,Jun,2005,Tornado,0,0,IL,1
6/13/2005,Jun,2005,Tornado,0,0,IL,1
6/13/2005,Jun,2005,Tornado,0,0,IL,1
6/13/2005,Jun,2005,Tornado,0,0,IL,1
6/13/2005,Jun,2005,Tornado,0,0,IL,1
6/13/2005,Jun,2005,Tornado,0,0,IL,1
7/4/2005,Jul,2005,Tornado,0,0,IL,1
9/19/2005,Sep,2005,Tornado,0,0,IL,1
11/15/2005,Nov,2005,Tornado,0,0,IL,1
11/15/2005,Nov,2005,Tornado,0,0,IL,1
11/15/2005,Nov,2005,Tornado,0,0,IL,1
11/15/2005,Nov,2005,Tornado,0,0,IL,1
11/15/2005,Nov,2005,Tornado,0,0,IL,1
1/2/2006,Jan,2006,Tornado,0,15000,IL,1
2/16/2006,Feb,2006,Tornado,0,20000,IL,1
3/11/2006,Mar,2006,Tornado,0,0,IL,1
3/11/2006,Mar,2006,Tornado,0,0,IL,1
3/11/2006,Mar,2006,Tornado,0,0,IL,1
3/11/2006,Mar,2006,Tornado,0,0,IL,1
3/11/2006,Mar,2006,Tornado,0,0,IL,1
3/11/2006,Mar,2006,Tornado,0,1200000,IL,1
3/11/2006,Mar,2006,Tornado,0,70000,IL,1
3/12/2006,Mar,2006,Tornado,0,50000,IL,1
3/12/2006,Mar,2006,Tornado,0,0,IL,1
3/12/2006,Mar,2006,Tornado,0,0,IL,1
3/12/2006,Mar,2006,Tornado,0,0,IL,1
3/12/2006,Mar,2006,Tornado,0,0,IL,1
3/12/2006,Mar,2006,Tornado,0,0,IL,1
3/12/2006,Mar,2006,Tornado,0,0,IL,1
3/12/2006,Mar,2006,Tornado,0,0,IL,1
3/12/2006,Mar,2006,Tornado,0,0,IL,1
3/12/2006,Mar,2006,Tornado,0,0,IL,1
3/12/2006,Mar,2006,Tornado,0,0,IL,1
3/12/2006,Mar,2006,Tornado,0,0,IL,1
3/12/2006,Mar,2006,Tornado,0,0,IL,1
3/12/2006,Mar,2006,Tornado,0,0,IL,1
3/12/2006,Mar,2006,Tornado,0,0,IL,1
3/12/2006,Mar,2006,Tornado,0,0,IL,1
3/12/2006,Mar,2006,Tornado,0,0,IL,1
3/12/2006,Mar,2006,Tornado,0,0,IL,1
3/12/2006,Mar,2006,Tornado,0,0,IL,1
3/12/2006,Mar,2006,Tornado,0,0,IL,1
3/12/2006,Mar,2006,Tornado,0,0,IL,1
3/12/2006,Mar,2006,Tornado,0,0,IL,1
3/13/2006,Mar,2006,Tornado,0,0,IL,1
3/30/2006,Mar,2006,Tornado,0,0,IL,1
3/30/2006,Mar,2006,Tornado,0,0,IL,1
4/2/2006,Apr,2006,Tornado,0,0,IL,1
4/2/2006,Apr,2006,Tornado,1,0,IL,1
4/2/2006,Apr,2006,Tornado,0,0,IL,1
4/2/2006,Apr,2006,Tornado,0,0,IL,1
4/2/2006,Apr,2006,Tornado,0,150000,IL,1
4/2/2006,Apr,2006,Tornado,0,0,IL,1
4/2/2006,Apr,2006,Tornado,0,0,IL,1
4/2/2006,Apr,2006,Tornado,0,0,IL,1
4/2/2006,Apr,2006,Tornado,0,0,IL,1
4/2/2006,Apr,2006,Tornado,0,0,IL,1
4/2/2006,Apr,2006,Tornado,0,0,IL,1
4/2/2006,Apr,2006,Tornado,0,0,IL,1
4/2/2006,Apr,2006,Tornado,0,0,IL,1
4/2/2006,Apr,2006,Tornado,0,0,IL,1
4/2/2006,Apr,2006,Tornado,0,0,IL,1
4/2/2006,Apr,2006,Tornado,0,0,IL,1
4/2/2006,Apr,2006,Tornado,0,0,IL,1
4/2/2006,Apr,2006,Tornado,0,0,IL,1
4/2/2006,Apr,2006,Tornado,0,0,IL,1
4/2/2006,Apr,2006,Tornado,0,0,IL,1
4/2/2006,Apr,2006,Tornado,0,0,IL,1
4/2/2006,Apr,2006,Tornado,0,0,IL,1
4/2/2006,Apr,2006,Tornado,0,0,IL,1
4/2/2006,Apr,2006,Tornado,0,0,IL,1
4/2/2006,Apr,2006,Tornado,0,0,IL,1
4/2/2006,Apr,2006,Tornado,0,0,IL,1
4/2/2006,Apr,2006,Tornado,0,0,IL,1
4/2/2006,Apr,2006,Tornado,0,0,IL,1
4/2/2006,Apr,2006,Tornado,0,0,IL,1
4/2/2006,Apr,2006,Tornado,0,0,IL,1
4/2/2006,Apr,2006,Tornado,0,0,IL,1
4/2/2006,Apr,2006,Tornado,0,0,IL,1
4/2/2006,Apr,2006,Tornado,0,0,IL,1
4/2/2006,Apr,2006,Tornado,0,0,IL,1
4/2/2006,Apr,2006,Tornado,0,0,IL,1
4/2/2006,Apr,2006,Tornado,0,0,IL,1
4/2/2006,Apr,2006,Tornado,0,0,IL,1
4/2/2006,Apr,2006,Tornado,0,0,IL,1
4/2/2006,Apr,2006,Tornado,0,0,IL,1
4/2/2006,Apr,2006,Tornado,0,0,IL,1
4/2/2006,Apr,2006,Tornado,0,0,IL,1
4/13/2006,Apr,2006,Tornado,0,5000,IL,1
4/13/2006,Apr,2006,Tornado,0,5000,IL,1
4/13/2006,Apr,2006,Tornado,0,15000,IL,1
4/13/2006,Apr,2006,Tornado,0,50000,IL,1
4/13/2006,Apr,2006,Tornado,0,30000,IL,1
4/13/2006,Apr,2006,Tornado,0,100000,IL,1
4/13/2006,Apr,2006,Tornado,0,0,IL,1
4/13/2006,Apr,2006,Tornado,0,2500000,IL,1
4/14/2006,Apr,2006,Tornado,0,0,IL,1
4/16/2006,Apr,2006,Tornado,0,0,IL,1
4/16/2006,Apr,2006,Tornado,0,0,IL,1
4/16/2006,Apr,2006,Tornado,0,0,IL,1
4/16/2006,Apr,2006,Tornado,0,0,IL,1
4/16/2006,Apr,2006,Tornado,0,10000,IL,1
4/16/2006,Apr,2006,Tornado,0,0,IL,1
4/16/2006,Apr,2006,Tornado,0,0,IL,1
4/16/2006,Apr,2006,Tornado,0,0,IL,1
4/16/2006,Apr,2006,Tornado,0,0,IL,1
4/16/2006,Apr,2006,Tornado,0,0,IL,1
4/16/2006,Apr,2006,Tornado,0,0,IL,1
4/16/2006,Apr,2006,Tornado,0,0,IL,1
4/16/2006,Apr,2006,Tornado,0,0,IL,1
4/16/2006,Apr,2006,Tornado,0,0,IL,1
4/18/2006,Apr,2006,Tornado,0,0,IL,1
4/30/2006,Apr,2006,Tornado,0,0,IL,1
5/10/2006,May,2006,Tornado,0,0,IL,1
5/24/2006,May,2006,Tornado,0,100000,IL,1
5/24/2006,May,2006,Tornado,0,0,IL,1
5/24/2006,May,2006,Tornado,0,20000,IL,1
5/24/2006,May,2006,Tornado,0,75000,IL,1
5/24/2006,May,2006,Tornado,0,0,IL,1
5/24/2006,May,2006,Tornado,0,0,IL,1
5/24/2006,May,2006,Tornado,0,0,IL,1
5/24/2006,May,2006,Tornado,0,0,IL,1
5/31/2006,May,2006,Tornado,0,0,IL,1
5/31/2006,May,2006,Tornado,0,0,IL,1
5/31/2006,May,2006,Tornado,0,0,IL,1
5/31/2006,May,2006,Tornado,0,0,IL,1
5/31/2006,May,2006,Tornado,0,0,IL,1
5/31/2006,May,2006,Tornado,0,0,IL,1
5/31/2006,May,2006,Tornado,0,0,IL,1
5/31/2006,May,2006,Tornado,0,0,IL,1
5/31/2006,May,2006,Tornado,0,0,IL,1
5/31/2006,May,2006,Tornado,0,0,IL,1
6/2/2006,Jun,2006,Tornado,0,0,IL,1
6/22/2006,Jun,2006,Tornado,0,0,IL,1
7/12/2006,Jul,2006,Tornado,0,0,IL,1
7/19/2006,Jul,2006,Tornado,0,0,IL,1
7/19/2006,Jul,2006,Tornado,0,0,IL,1
7/21/2006,Jul,2006,Tornado,0,0,IL,1
7/21/2006,Jul,2006,Tornado,0,0,IL,1
7/21/2006,Jul,2006,Tornado,0,0,IL,1
7/21/2006,Jul,2006,Tornado,0,0,IL,1
7/21/2006,Jul,2006,Tornado,0,0,IL,1
7/21/2006,Jul,2006,Tornado,0,0,IL,1
7/26/2006,Jul,2006,Tornado,0,0,IL,1
7/26/2006,Jul,2006,Tornado,0,0,IL,1
7/26/2006,Jul,2006,Tornado,0,40000,IL,1
7/26/2006,Jul,2006,Tornado,0,0,IL,1
7/26/2006,Jul,2006,Tornado,0,0,IL,1
7/26/2006,Jul,2006,Tornado,0,0,IL,1
7/26/2006,Jul,2006,Tornado,0,0,IL,1
7/26/2006,Jul,2006,Tornado,0,0,IL,1
9/22/2006,Sep,2006,Tornado,0,500000,IL,1
9/22/2006,Sep,2006,Tornado,0,15000,IL,1
9/22/2006,Sep,2006,Tornado,0,800000,IL,1
9/22/2006,Sep,2006,Tornado,0,0,IL,1
9/22/2006,Sep,2006,Tornado,0,0,IL,1
9/22/2006,Sep,2006,Tornado,0,0,IL,1
3/1/2007,Mar,2007,Tornado,0,100000,IL,1
3/1/2007,Mar,2007,Tornado,0,37000,IL,1
3/28/2007,Mar,2007,Tornado,0,0,IL,1
3/28/2007,Mar,2007,Tornado,0,0,IL,1
4/25/2007,Apr,2007,Tornado,0,0,IL,1
4/26/2007,Apr,2007,Tornado,0,100000,IL,1
5/4/2007,May,2007,Tornado,0,0,IL,1
5/4/2007,May,2007,Tornado,0,0,IL,1
5/4/2007,May,2007,Tornado,0,0,IL,1
5/16/2007,May,2007,Tornado,0,50000,IL,1
5/25/2007,May,2007,Tornado,0,0,IL,1
6/1/2007,Jun,2007,Tornado,0,0,IL,1
6/1/2007,Jun,2007,Tornado,0,0,IL,1
6/2/2007,Jun,2007,Tornado,0,5000,IL,1
6/3/2007,Jun,2007,Tornado,0,0,IL,1
8/5/2007,Aug,2007,Tornado,0,40000,IL,1
8/23/2007,Aug,2007,Tornado,0,15000,IL,1
9/6/2007,Sep,2007,Tornado,0,0,IL,1
9/6/2007,Sep,2007,Tornado,0,0,IL,1
9/30/2007,Sep,2007,Tornado,0,0,IL,1
9/30/2007,Sep,2007,Tornado,0,0,IL,1
10/2/2007,Oct,2007,Tornado,0,0,IL,1
10/18/2007,Oct,2007,Tornado,0,0,IL,1
1/7/2008,Jan,2008,Tornado,0,2000000,IL,1
1/7/2008,Jan,2008,Tornado,0,2000000,IL,1
1/7/2008,Jan,2008,Tornado,0,30000,IL,1
1/7/2008,Jan,2008,Tornado,0,0,IL,1
1/29/2008,Jan,2008,Tornado,0,10000,IL,1
2/5/2008,Feb,2008,Tornado,0,0,IL,1
2/5/2008,Feb,2008,Tornado,0,0,IL,1
3/31/2008,Mar,2008,Tornado,0,0,IL,1
4/10/2008,Apr,2008,Tornado,0,0,IL,1
4/10/2008,Apr,2008,Tornado,0,100000,IL,1
4/10/2008,Apr,2008,Tornado,0,20000,IL,1
4/10/2008,Apr,2008,Tornado,0,30000,IL,1
5/25/2008,May,2008,Tornado,0,0,IL,1
5/27/2008,May,2008,Tornado,0,0,IL,1
5/30/2008,May,2008,Tornado,0,5000,IL,1
5/30/2008,May,2008,Tornado,0,0,IL,1
5/30/2008,May,2008,Tornado,0,129000,IL,1
5/30/2008,May,2008,Tornado,0,63000,IL,1
5/30/2008,May,2008,Tornado,0,0,IL,1
5/30/2008,May,2008,Tornado,0,0,IL,1
6/3/2008,Jun,2008,Tornado,0,0,IL,1
6/3/2008,Jun,2008,Tornado,0,0,IL,1
6/4/2008,Jun,2008,Tornado,0,0,IL,1
6/4/2008,Jun,2008,Tornado,0,0,IL,1
6/4/2008,Jun,2008,Tornado,0,0,IL,1
6/4/2008,Jun,2008,Tornado,0,40000,IL,1
6/4/2008,Jun,2008,Tornado,0,0,IL,1
6/4/2008,Jun,2008,Tornado,0,0,IL,1
6/4/2008,Jun,2008,Tornado,0,0,IL,1
6/4/2008,Jun,2008,Tornado,0,0,IL,1
6/6/2008,Jun,2008,Tornado,0,275000,IL,1
6/7/2008,Jun,2008,Tornado,0,0,IL,1
6/7/2008,Jun,2008,Tornado,0,50000,IL,1
6/7/2008,Jun,2008,Tornado,0,0,IL,1
6/7/2008,Jun,2008,Tornado,0,500000,IL,1
6/7/2008,Jun,2008,Tornado,0,50000,IL,1
6/12/2008,Jun,2008,Tornado,0,0,IL,1
6/12/2008,Jun,2008,Tornado,0,25000,IL,1
6/15/2008,Jun,2008,Tornado,0,50000,IL,1
6/27/2008,Jun,2008,Tornado,0,0,IL,1
6/27/2008,Jun,2008,Tornado,0,5000,IL,1
7/8/2008,Jul,2008,Tornado,0,60000,IL,1
7/21/2008,Jul,2008,Tornado,0,85000,IL,1
8/4/2008,Aug,2008,Tornado,0,40000,IL,1
8/4/2008,Aug,2008,Tornado,0,500000,IL,1
8/4/2008,Aug,2008,Tornado,0,250000,IL,1
8/4/2008,Aug,2008,Tornado,0,30000,IL,1
12/27/2008,Dec,2008,Tornado,0,0,IL,1
12/27/2008,Dec,2008,Tornado,0,0,IL,1
12/27/2008,Dec,2008,Tornado,0,0,IL,1
3/8/2009,Mar,2009,Tornado,0,0,IL,1
3/8/2009,Mar,2009,Tornado,0,0,IL,1
3/8/2009,Mar,2009,Tornado,0,0,IL,1
3/8/2009,Mar,2009,Tornado,0,0,IL,1
3/8/2009,Mar,2009,Tornado,0,0,IL,1
3/8/2009,Mar,2009,Tornado,0,0,IL,1
3/8/2009,Mar,2009,Tornado,0,610000,IL,1
3/8/2009,Mar,2009,Tornado,0,0,IL,1
3/8/2009,Mar,2009,Tornado,0,0,IL,1
3/8/2009,Mar,2009,Tornado,0,0,IL,1
3/8/2009,Mar,2009,Tornado,0,0,IL,1
3/8/2009,Mar,2009,Tornado,0,60000,IL,1
3/8/2009,Mar,2009,Tornado,0,12000,IL,1
3/8/2009,Mar,2009,Tornado,0,80000,IL,1
3/8/2009,Mar,2009,Tornado,0,40000,IL,1
3/8/2009,Mar,2009,Tornado,0,90000,IL,1
3/8/2009,Mar,2009,Tornado,0,20000,IL,1
3/8/2009,Mar,2009,Tornado,0,20000,IL,1
3/8/2009,Mar,2009,Tornado,0,305000,IL,1
3/8/2009,Mar,2009,Tornado,0,40000,IL,1
3/8/2009,Mar,2009,Tornado,0,30000,IL,1
5/8/2009,May,2009,Tornado,0,80000,IL,1
5/8/2009,May,2009,Tornado,0,0,IL,1
5/8/2009,May,2009,Tornado,0,10000,IL,1
5/8/2009,May,2009,Tornado,0,0,IL,1
5/8/2009,May,2009,Tornado,0,0,IL,1
5/8/2009,May,2009,Tornado,0,0,IL,1
5/8/2009,May,2009,Tornado,0,0,IL,1
5/13/2009,May,2009,Tornado,0,0,IL,1
5/13/2009,May,2009,Tornado,0,50000,IL,1
5/13/2009,May,2009,Tornado,0,60000,IL,1
5/13/2009,May,2009,Tornado,0,45000,IL,1
5/13/2009,May,2009,Tornado,0,35000,IL,1
6/1/2009,Jun,2009,Tornado,0,100000,IL,1
6/2/2009,Jun,2009,Tornado,0,0,IL,1
6/2/2009,Jun,2009,Tornado,0,0,IL,1
6/8/2009,Jun,2009,Tornado,0,0,IL,1
6/8/2009,Jun,2009,Tornado,0,4000,IL,1
6/8/2009,Jun,2009,Tornado,0,20000,IL,1
6/8/2009,Jun,2009,Tornado,0,6000,IL,1
6/19/2009,Jun,2009,Tornado,0,0,IL,1
6/19/2009,Jun,2009,Tornado,0,0,IL,1
6/19/2009,Jun,2009,Tornado,0,75000,IL,1
7/8/2009,Jul,2009,Tornado,0,0,IL,1
7/8/2009,Jul,2009,Tornado,0,0,IL,1
7/24/2009,Jul,2009,Tornado,0,150000,IL,1
7/30/2009,Jul,2009,Tornado,0,0,IL,1
8/19/2009,Aug,2009,Tornado,0,0,IL,1
8/19/2009,Aug,2009,Tornado,0,75000,IL,1
8/19/2009,Aug,2009,Tornado,0,320000,IL,1
8/19/2009,Aug,2009,Tornado,0,100000,IL,1
8/19/2009,Aug,2009,Tornado,0,4000000,IL,1
8/19/2009,Aug,2009,Tornado,0,200000,IL,1
8/19/2009,Aug,2009,Tornado,0,11000000,IL,1
8/19/2009,Aug,2009,Tornado,0,7200000,IL,1
8/19/2009,Aug,2009,Tornado,0,10000,IL,1
8/19/2009,Aug,2009,Tornado,0,0,IL,1
8/19/2009,Aug,2009,Tornado,0,80000,IL,1
8/19/2009,Aug,2009,Tornado,0,100000,IL,1
8/19/2009,Aug,2009,Tornado,0,25000,IL,1
8/19/2009,Aug,2009,Tornado,0,0,IL,1
4/5/2010,Apr,2010,Tornado,0,0,IL,1
4/7/2010,Apr,2010,Tornado,0,5000,IL,1
4/30/2010,Apr,2010,Tornado,0,0,IL,1
4/30/2010,Apr,2010,Tornado,0,0,IL,1
5/21/2010,May,2010,Tornado,0,0,IL,1
5/21/2010,May,2010,Tornado,0,0,IL,1
5/25/2010,May,2010,Tornado,0,0,IL,1
5/26/2010,May,2010,Tornado,0,0,IL,1
6/3/2010,Jun,2010,Tornado,0,0,IL,1
6/5/2010,Jun,2010,Tornado,0,0,IL,1
6/5/2010,Jun,2010,Tornado,0,420000,IL,1
6/5/2010,Jun,2010,Tornado,0,85000000,IL,1
6/5/2010,Jun,2010,Tornado,0,85000,IL,1
6/5/2010,Jun,2010,Tornado,0,1000000,IL,1
6/5/2010,Jun,2010,Tornado,0,170000,IL,1
6/5/2010,Jun,2010,Tornado,0,5000,IL,1
6/5/2010,Jun,2010,Tornado,0,100000,IL,1
6/5/2010,Jun,2010,Tornado,0,0,IL,1
6/5/2010,Jun,2010,Tornado,0,40000,IL,1
6/5/2010,Jun,2010,Tornado,0,7000000,IL,1
6/5/2010,Jun,2010,Tornado,0,0,IL,1
6/5/2010,Jun,2010,Tornado,0,560000,IL,1
6/5/2010,Jun,2010,Tornado,0,70000,IL,1
6/5/2010,Jun,2010,Tornado,0,750000,IL,1
6/5/2010,Jun,2010,Tornado,1,3000000,IL,1
6/5/2010,Jun,2010,Tornado,0,100000,IL,1
6/5/2010,Jun,2010,Tornado,0,20000,IL,1
6/5/2010,Jun,2010,Tornado,0,500000,IL,1
6/5/2010,Jun,2010,Tornado,0,2000,IL,1
6/5/2010,Jun,2010,Tornado,0,600000,IL,1
6/5/2010,Jun,2010,Tornado,0,75000,IL,1
6/5/2010,Jun,2010,Tornado,0,80000,IL,1
6/5/2010,Jun,2010,Tornado,0,90000,IL,1
6/21/2010,Jun,2010,Tornado,0,0,IL,1
6/21/2010,Jun,2010,Tornado,0,0,IL,1
6/21/2010,Jun,2010,Tornado,0,0,IL,1
6/21/2010,Jun,2010,Tornado,0,0,IL,1
6/21/2010,Jun,2010,Tornado,0,5000,IL,1
6/23/2010,Jun,2010,Tornado,0,100000,IL,1
6/27/2010,Jun,2010,Tornado,0,2000,IL,1
7/12/2010,Jul,2010,Tornado,0,0,IL,1
7/21/2010,Jul,2010,Tornado,0,0,IL,1
10/26/2010,Oct,2010,Tornado,0,100000,IL,1
10/26/2010,Oct,2010,Tornado,0,100000,IL,1
10/26/2010,Oct,2010,Tornado,0,4000,IL,1
10/26/2010,Oct,2010,Tornado,0,8000,IL,1
10/26/2010,Oct,2010,Tornado,0,500000,IL,1
11/22/2010,Nov,2010,Tornado,0,5000000,IL,1
11/22/2010,Nov,2010,Tornado,0,0,IL,1
12/31/2010,Dec,2010,Tornado,0,0,IL,1
12/31/2010,Dec,2010,Tornado,0,0,IL,1
12/31/2010,Dec,2010,Tornado,0,12000000,IL,1
12/31/2010,Dec,2010,Tornado,0,0,IL,1
2/27/2011,Feb,2011,Tornado,0,0,IL,1
2/27/2011,Feb,2011,Tornado,0,0,IL,1
2/27/2011,Feb,2011,Tornado,0,0,IL,1
2/27/2011,Feb,2011,Tornado,0,0,IL,1
2/27/2011,Feb,2011,Tornado,0,0,IL,1
2/28/2011,Feb,2011,Tornado,0,0,IL,1
2/28/2011,Feb,2011,Tornado,0,0,IL,1
2/28/2011,Feb,2011,Tornado,0,0,IL,1
2/28/2011,Feb,2011,Tornado,0,0,IL,1
2/28/2011,Feb,2011,Tornado,0,0,IL,1
4/15/2011,Apr,2011,Tornado,0,300000,IL,1
4/15/2011,Apr,2011,Tornado,0,10000,IL,1
4/15/2011,Apr,2011,Tornado,0,450000,IL,1
4/19/2011,Apr,2011,Tornado,0,0,IL,1
4/19/2011,Apr,2011,Tornado,0,0,IL,1
4/19/2011,Apr,2011,Tornado,0,0,IL,1
4/19/2011,Apr,2011,Tornado,0,90000,IL,1
4/19/2011,Apr,2011,Tornado,0,95000,IL,1
4/19/2011,Apr,2011,Tornado,0,60000,IL,1
4/19/2011,Apr,2011,Tornado,0,140000,IL,1
4/19/2011,Apr,2011,Tornado,0,225000,IL,1
4/19/2011,Apr,2011,Tornado,0,360000,IL,1
4/19/2011,Apr,2011,Tornado,0,70000,IL,1
4/19/2011,Apr,2011,Tornado,0,80000,IL,1
4/19/2011,Apr,2011,Tornado,0,10000,IL,1
4/19/2011,Apr,2011,Tornado,0,0,IL,1
4/19/2011,Apr,2011,Tornado,0,70000,IL,1
4/19/2011,Apr,2011,Tornado,0,90000,IL,1
4/19/2011,Apr,2011,Tornado,0,150000,IL,1
4/19/2011,Apr,2011,Tornado,0,2000000,IL,1
4/19/2011,Apr,2011,Tornado,0,300000,IL,1
4/19/2011,Apr,2011,Tornado,0,400000,IL,1
4/19/2011,Apr,2011,Tornado,0,2500000,IL,1
4/19/2011,Apr,2011,Tornado,0,50000,IL,1
4/22/2011,Apr,2011,Tornado,0,0,IL,1
4/22/2011,Apr,2011,Tornado,0,0,IL,1
4/22/2011,Apr,2011,Tornado,0,0,IL,1
4/22/2011,Apr,2011,Tornado,0,0,IL,1
4/22/2011,Apr,2011,Tornado,0,0,IL,1
4/22/2011,Apr,2011,Tornado,0,0,IL,1
4/23/2011,Apr,2011,Tornado,0,700000,IL,1
4/23/2011,Apr,2011,Tornado,0,450000,IL,1
5/7/2011,May,2011,Tornado,0,0,IL,1
5/7/2011,May,2011,Tornado,0,0,IL,1
5/13/2011,May,2011,Tornado,0,0,IL,1
5/22/2011,May,2011,Tornado,0,50000,IL,1
5/22/2011,May,2011,Tornado,0,50000,IL,1
5/22/2011,May,2011,Tornado,0,100000,IL,1
5/22/2011,May,2011,Tornado,0,50000,IL,1
5/22/2011,May,2011,Tornado,0,0,IL,1
5/22/2011,May,2011,Tornado,0,15000,IL,1
5/23/2011,May,2011,Tornado,0,250000,IL,1
5/25/2011,May,2011,Tornado,0,165000,IL,1
5/25/2011,May,2011,Tornado,0,100000,IL,1
5/25/2011,May,2011,Tornado,0,250000,IL,1
5/25/2011,May,2011,Tornado,0,8000,IL,1
5/25/2011,May,2011,Tornado,0,10000,IL,1
5/25/2011,May,2011,Tornado,0,4000000,IL,1
5/25/2011,May,2011,Tornado,0,150000,IL,1
5/25/2011,May,2011,Tornado,0,50000,IL,1
5/25/2011,May,2011,Tornado,0,40000,IL,1
5/25/2011,May,2011,Tornado,0,30000,IL,1
5/25/2011,May,2011,Tornado,0,5000,IL,1
5/25/2011,May,2011,Tornado,0,150000,IL,1
5/25/2011,May,2011,Tornado,0,75000,IL,1
5/25/2011,May,2011,Tornado,0,510000,IL,1
5/25/2011,May,2011,Tornado,0,0,IL,1
5/25/2011,May,2011,Tornado,0,920000,IL,1
6/10/2011,Jun,2011,Tornado,0,0,IL,1
6/15/2011,Jun,2011,Tornado,0,0,IL,1
6/15/2011,Jun,2011,Tornado,0,20000,IL,1
6/15/2011,Jun,2011,Tornado,0,25000,IL,1
6/19/2011,Jun,2011,Tornado,0,550000,IL,1
6/20/2011,Jun,2011,Tornado,0,100000,IL,1
6/21/2011,Jun,2011,Tornado,0,500000,IL,1
6/21/2011,Jun,2011,Tornado,0,50000,IL,1
7/27/2011,Jul,2011,Tornado,0,0,IL,1
7/27/2011,Jul,2011,Tornado,0,0,IL,1
1/22/2012,Jan,2012,Tornado,0,250000,IL,1
1/22/2012,Jan,2012,Tornado,0,30000,IL,1
2/29/2012,Feb,2012,Tornado,0,100000,IL,1
2/29/2012,Feb,2012,Tornado,0,100000,IL,1
2/29/2012,Feb,2012,Tornado,0,100000,IL,1
2/29/2012,Feb,2012,Tornado,8,2000000,IL,1
2/29/2012,Feb,2012,Tornado,0,0,IL,1
2/29/2012,Feb,2012,Tornado,0,1000000,IL,1
2/29/2012,Feb,2012,Tornado,0,50000,IL,1
3/2/2012,Mar,2012,Tornado,0,0,IL,1
3/2/2012,Mar,2012,Tornado,0,15000,IL,1
3/23/2012,Mar,2012,Tornado,0,0,IL,1
3/23/2012,Mar,2012,Tornado,0,75000,IL,1
3/23/2012,Mar,2012,Tornado,1,150000,IL,1
3/23/2012,Mar,2012,Tornado,0,0,IL,1
5/1/2012,May,2012,Tornado,0,0,IL,1
5/1/2012,May,2012,Tornado,0,25000,IL,1
5/1/2012,May,2012,Tornado,0,0,IL,1
5/1/2012,May,2012,Tornado,0,8000,IL,1
5/6/2012,May,2012,Tornado,0,25000,IL,1
5/6/2012,May,2012,Tornado,0,65000,IL,1
7/31/2012,Jul,2012,Tornado,0,0,IL,1
8/31/2012,Aug,2012,Tornado,0,0,IL,1
8/31/2012,Aug,2012,Tornado,0,0,IL,1
8/31/2012,Aug,2012,Tornado,0,0,IL,1
8/31/2012,Aug,2012,Tornado,0,230000,IL,1
8/31/2012,Aug,2012,Tornado,0,0,IL,1
9/1/2012,Sep,2012,Tornado,0,0,IL,1
9/1/2012,Sep,2012,Tornado,0,0,IL,1
9/1/2012,Sep,2012,Tornado,0,1000,IL,1
9/1/2012,Sep,2012,Tornado,0,0,IL,1
9/1/2012,Sep,2012,Tornado,0,0,IL,1
9/1/2012,Sep,2012,Tornado,0,0,IL,1
9/1/2012,Sep,2012,Tornado,0,0,IL,1
9/1/2012,Sep,2012,Tornado,0,0,IL,1
9/25/2012,Sep,2012,Tornado,0,0,IL,1
9/25/2012,Sep,2012,Tornado,0,0,IL,1
1/29/2013,Jan,2013,Tornado,0,0,IL,1
1/29/2013,Jan,2013,Tornado,0,200000,IL,1
4/18/2013,Apr,2013,Tornado,0,15000,IL,1
5/9/2013,May,2013,Tornado,0,0,IL,1
5/19/2013,May,2013,Tornado,0,0,IL,1
5/20/2013,May,2013,Tornado,0,0,IL,1
5/28/2013,May,2013,Tornado,0,5000,IL,1
5/30/2013,May,2013,Tornado,0,40000,IL,1
5/30/2013,May,2013,Tornado,0,0,IL,1
5/31/2013,May,2013,Tornado,0,0,IL,1
5/31/2013,May,2013,Tornado,0,0,IL,1
5/31/2013,May,2013,Tornado,0,0,IL,1
5/31/2013,May,2013,Tornado,0,500000,IL,1
5/31/2013,May,2013,Tornado,0,50000,IL,1
6/12/2013,Jun,2013,Tornado,0,20000,IL,1
6/12/2013,Jun,2013,Tornado,0,0,IL,1
6/12/2013,Jun,2013,Tornado,0,0,IL,1
6/12/2013,Jun,2013,Tornado,0,35000,IL,1
6/24/2013,Jun,2013,Tornado,0,50000,IL,1
6/24/2013,Jun,2013,Tornado,0,10000,IL,1
6/24/2013,Jun,2013,Tornado,0,10000,IL,1
6/29/2013,Jun,2013,Tornado,0,4000,IL,1
7/1/2013,Jul,2013,Tornado,0,0,IL,1
7/2/2013,Jul,2013,Tornado,0,0,IL,1
9/1/2013,Sep,2013,Tornado,0,0,IL,1
10/31/2013,Oct,2013,Tornado,0,100000,IL,1
10/31/2013,Oct,2013,Tornado,0,10000,IL,1
10/31/2013,Oct,2013,Tornado,0,10000,IL,1
10/31/2013,Oct,2013,Tornado,0,40000,IL,1
10/31/2013,Oct,2013,Tornado,0,30000,IL,1
10/31/2013,Oct,2013,Tornado,0,70000,IL,1
11/17/2013,Nov,2013,Tornado,0,40000,IL,1
11/17/2013,Nov,2013,Tornado,0,45000000,IL,1
11/17/2013,Nov,2013,Tornado,3,910000000,IL,1
11/17/2013,Nov,2013,Tornado,0,25000000,IL,1
11/17/2013,Nov,2013,Tornado,0,0,IL,1
11/17/2013,Nov,2013,Tornado,0,0,IL,1
11/17/2013,Nov,2013,Tornado,0,150000,IL,1
11/17/2013,Nov,2013,Tornado,0,75000,IL,1
11/17/2013,Nov,2013,Tornado,0,0,IL,1
11/17/2013,Nov,2013,Tornado,0,0,IL,1
11/17/2013,Nov,2013,Tornado,2,0,IL,1
11/17/2013,Nov,2013,Tornado,0,0,IL,1
11/17/2013,Nov,2013,Tornado,0,300000,IL,1
11/17/2013,Nov,2013,Tornado,0,0,IL,1
11/17/2013,Nov,2013,Tornado,0,0,IL,1
11/17/2013,Nov,2013,Tornado,0,10750000,IL,1
11/17/2013,Nov,2013,Tornado,0,250000,IL,1
11/17/2013,Nov,2013,Tornado,0,2000000,IL,1
11/17/2013,Nov,2013,Tornado,0,400000,IL,1
11/17/2013,Nov,2013,Tornado,0,860000,IL,1
11/17/2013,Nov,2013,Tornado,0,825000,IL,1
11/17/2013,Nov,2013,Tornado,0,750000,IL,1
11/17/2013,Nov,2013,Tornado,0,1200000,IL,1
11/17/2013,Nov,2013,Tornado,0,60000000,IL,1
11/17/2013,Nov,2013,Tornado,0,220000,IL,1
11/17/2013,Nov,2013,Tornado,0,800000,IL,1
11/17/2013,Nov,2013,Tornado,0,2500000,IL,1
11/17/2013,Nov,2013,Tornado,0,0,IL,1
11/17/2013,Nov,2013,Tornado,0,100000,IL,1
11/17/2013,Nov,2013,Tornado,0,9500000,IL,1
11/17/2013,Nov,2013,Tornado,0,3000,IL,1
11/17/2013,Nov,2013,Tornado,0,150000,IL,1
11/17/2013,Nov,2013,Tornado,0,0,IL,1
11/17/2013,Nov,2013,Tornado,0,20000,IL,1
11/17/2013,Nov,2013,Tornado,0,10000,IL,1
11/17/2013,Nov,2013,Tornado,0,200000,IL,1
11/17/2013,Nov,2013,Tornado,0,150000,IL,1
11/17/2013,Nov,2013,Tornado,0,250000,IL,1
11/17/2013,Nov,2013,Tornado,3,5500000,IL,1
11/17/2013,Nov,2013,Tornado,0,500000,IL,1
2/20/2014,Feb,2014,Tornado,0,0,IL,1
2/20/2014,Feb,2014,Tornado,0,0,IL,1
2/20/2014,Feb,2014,Tornado,0,0,IL,1
2/20/2014,Feb,2014,Tornado,0,0,IL,1
2/20/2014,Feb,2014,Tornado,0,30000,IL,1
2/20/2014,Feb,2014,Tornado,0,0,IL,1
2/20/2014,Feb,2014,Tornado,0,990000,IL,1
2/20/2014,Feb,2014,Tornado,0,0,IL,1
2/20/2014,Feb,2014,Tornado,0,0,IL,1
2/20/2014,Feb,2014,Tornado,0,20000,IL,1
2/20/2014,Feb,2014,Tornado,0,500000,IL,1
2/20/2014,Feb,2014,Tornado,0,80000,IL,1
2/20/2014,Feb,2014,Tornado,0,0,IL,1
2/20/2014,Feb,2014,Tornado,0,0,IL,1
2/20/2014,Feb,2014,Tornado,0,10000,IL,1
2/20/2014,Feb,2014,Tornado,0,80000,IL,1
2/20/2014,Feb,2014,Tornado,0,0,IL,1
4/3/2014,Apr,2014,Tornado,0,50000,IL,1
4/3/2014,Apr,2014,Tornado,0,8000,IL,1
4/3/2014,Apr,2014,Tornado,0,7000,IL,1
4/3/2014,Apr,2014,Tornado,0,7000,IL,1
4/3/2014,Apr,2014,Tornado,0,10000,IL,1
4/24/2014,Apr,2014,Tornado,0,35000,IL,1
5/28/2014,May,2014,Tornado,0,0,IL,1
5/28/2014,May,2014,Tornado,0,0,IL,1
6/4/2014,Jun,2014,Tornado,0,0,IL,1
6/7/2014,Jun,2014,Tornado,0,0,IL,1
6/7/2014,Jun,2014,Tornado,0,0,IL,1
6/23/2014,Jun,2014,Tornado,0,2000,IL,1
6/23/2014,Jun,2014,Tornado,0,2000,IL,1
6/29/2014,Jun,2014,Tornado,0,50000,IL,1
6/30/2014,Jun,2014,Tornado,0,250000,IL,1
6/30/2014,Jun,2014,Tornado,0,50000,IL,1
6/30/2014,Jun,2014,Tornado,0,0,IL,1
6/30/2014,Jun,2014,Tornado,0,500000,IL,1
6/30/2014,Jun,2014,Tornado,0,50000,IL,1
6/30/2014,Jun,2014,Tornado,0,500000,IL,1
6/30/2014,Jun,2014,Tornado,0,100000,IL,1
6/30/2014,Jun,2014,Tornado,0,0,IL,1
6/30/2014,Jun,2014,Tornado,0,5000,IL,1
6/30/2014,Jun,2014,Tornado,0,250000,IL,1
6/30/2014,Jun,2014,Tornado,0,150000,IL,1
7/12/2014,Jul,2014,Tornado,0,0,IL,1
7/12/2014,Jul,2014,Tornado,0,0,IL,1
7/12/2014,Jul,2014,Tornado,0,0,IL,1
7/12/2014,Jul,2014,Tornado,0,0,IL,1
10/13/2014,Oct,2014,Tornado,0,0,IL,1
10/13/2014,Oct,2014,Tornado,0,0,IL,1
10/13/2014,Oct,2014,Tornado,0,0,IL,1
10/13/2014,Oct,2014,Tornado,0,235000,IL,1
10/13/2014,Oct,2014,Tornado,0,25000,IL,1
10/13/2014,Oct,2014,Tornado,0,10000,IL,1
10/13/2014,Oct,2014,Tornado,0,50000,IL,1
10/13/2014,Oct,2014,Tornado,0,0,IL,1
10/13/2014,Oct,2014,Tornado,0,10000,IL,1
10/13/2014,Oct,2014,Tornado,0,0,IL,1
4/9/2015,Apr,2015,Tornado,0,0,IL,1
4/9/2015,Apr,2015,Tornado,0,0,IL,1
4/9/2015,Apr,2015,Tornado,0,0,IL,1
4/9/2015,Apr,2015,Tornado,0,0,IL,1
4/9/2015,Apr,2015,Tornado,0,0,IL,1
4/9/2015,Apr,2015,Tornado,0,0,IL,1
4/9/2015,Apr,2015,Tornado,0,1000000,IL,1
4/9/2015,Apr,2015,Tornado,0,10000000,IL,1
4/9/2015,Apr,2015,Tornado,0,0,IL,1
4/9/2015,Apr,2015,Tornado,2,8000000,IL,1
4/9/2015,Apr,2015,Tornado,0,5000,IL,1
4/9/2015,Apr,2015,Tornado,0,75000,IL,1
4/9/2015,Apr,2015,Tornado,0,0,IL,1
4/9/2015,Apr,2015,Tornado,0,20000,IL,1
4/9/2015,Apr,2015,Tornado,0,150000,IL,1
4/9/2015,Apr,2015,Tornado,0,0,IL,1
4/9/2015,Apr,2015,Tornado,0,0,IL,1
5/24/2015,May,2015,Tornado,0,30000,IL,1
5/26/2015,May,2015,Tornado,0,10000,IL,1
5/26/2015,May,2015,Tornado,0,15000,IL,1
5/26/2015,May,2015,Tornado,0,10000,IL,1
5/29/2015,May,2015,Tornado,0,0,IL,1
6/7/2015,Jun,2015,Tornado,0,15000,IL,1
6/7/2015,Jun,2015,Tornado,0,0,IL,1
6/7/2015,Jun,2015,Tornado,0,85000,IL,1
6/11/2015,Jun,2015,Tornado,0,0,IL,1
6/15/2015,Jun,2015,Tornado,0,100000,IL,1
6/19/2015,Jun,2015,Tornado,0,0,IL,1
6/19/2015,Jun,2015,Tornado,0,25000,IL,1
6/19/2015,Jun,2015,Tornado,0,5000,IL,1
6/19/2015,Jun,2015,Tornado,0,5000,IL,1
6/19/2015,Jun,2015,Tornado,0,10000,IL,1
6/19/2015,Jun,2015,Tornado,0,20000,IL,1
6/19/2015,Jun,2015,Tornado,0,500000,IL,1
6/19/2015,Jun,2015,Tornado,0,25000,IL,1
6/19/2015,Jun,2015,Tornado,0,2000,IL,1
6/19/2015,Jun,2015,Tornado,0,0,IL,1
6/22/2015,Jun,2015,Tornado,0,0,IL,1
6/22/2015,Jun,2015,Tornado,0,0,IL,1
6/22/2015,Jun,2015,Tornado,0,0,IL,1
6/22/2015,Jun,2015,Tornado,0,0,IL,1
6/22/2015,Jun,2015,Tornado,0,0,IL,1
6/22/2015,Jun,2015,Tornado,0,1000000,IL,1
6/22/2015,Jun,2015,Tornado,0,100000,IL,1
6/22/2015,Jun,2015,Tornado,0,100000,IL,1
6/22/2015,Jun,2015,Tornado,0,0,IL,1
6/22/2015,Jun,2015,Tornado,0,50000,IL,1
6/22/2015,Jun,2015,Tornado,0,50000,IL,1
6/22/2015,Jun,2015,Tornado,0,25000000,IL,1
6/22/2015,Jun,2015,Tornado,0,250000,IL,1
6/22/2015,Jun,2015,Tornado,0,0,IL,1
6/22/2015,Jun,2015,Tornado,0,0,IL,1
7/8/2015,Jul,2015,Tornado,0,6000,IL,1
7/11/2015,Jul,2015,Tornado,0,15000,IL,1
7/16/2015,Jul,2015,Tornado,0,25000,IL,1
7/16/2015,Jul,2015,Tornado,0,2000,IL,1
7/16/2015,Jul,2015,Tornado,0,2000,IL,1
7/16/2015,Jul,2015,Tornado,0,150000,IL,1
7/16/2015,Jul,2015,Tornado,0,1500000,IL,1
7/16/2015,Jul,2015,Tornado,0,0,IL,1
7/16/2015,Jul,2015,Tornado,0,1200000,IL,1
7/18/2015,Jul,2015,Tornado,0,0,IL,1
7/18/2015,Jul,2015,Tornado,0,0,IL,1
8/2/2015,Aug,2015,Tornado,0,1000000,IL,1
8/18/2015,Aug,2015,Tornado,0,0,IL,1
8/18/2015,Aug,2015,Tornado,0,0,IL,1
8/18/2015,Aug,2015,Tornado,0,30000,IL,1
8/18/2015,Aug,2015,Tornado,0,0,IL,1
8/18/2015,Aug,2015,Tornado,0,0,IL,1
8/18/2015,Aug,2015,Tornado,0,50000,IL,1
9/10/2015,Sep,2015,Tornado,0,20000,IL,1
9/18/2015,Sep,2015,Tornado,0,70000,IL,1
11/11/2015,Nov,2015,Tornado,0,0,IL,1
11/11/2015,Nov,2015,Tornado,0,0,IL,1
12/23/2015,Dec,2015,Tornado,0,5000,IL,1
12/23/2015,Dec,2015,Tornado,0,175000,IL,1
12/23/2015,Dec,2015,Tornado,0,10000,IL,1
12/23/2015,Dec,2015,Tornado,0,75000,IL,1
12/23/2015,Dec,2015,Tornado,0,3000,IL,1
12/23/2015,Dec,2015,Tornado,0,0,IL,1
12/23/2015,Dec,2015,Tornado,0,0,IL,1
12/23/2015,Dec,2015,Tornado,0,0,IL,1
12/23/2015,Dec,2015,Tornado,0,0,IL,1
3/15/2016,Mar,2016,Tornado,0,200000,IL,1
3/15/2016,Mar,2016,Tornado,0,200000,IL,1
3/15/2016,Mar,2016,Tornado,0,15000,IL,1
3/15/2016,Mar,2016,Tornado,0,750000,IL,1
3/15/2016,Mar,2016,Tornado,0,1000000,IL,1
3/15/2016,Mar,2016,Tornado,0,280000,IL,1
3/15/2016,Mar,2016,Tornado,0,260000,IL,1
3/15/2016,Mar,2016,Tornado,0,0,IL,1
4/27/2016,Apr,2016,Tornado,0,0,IL,1
4/27/2016,Apr,2016,Tornado,0,0,IL,1
4/27/2016,Apr,2016,Tornado,0,0,IL,1
5/9/2016,May,2016,Tornado,0,0,IL,1
5/9/2016,May,2016,Tornado,0,0,IL,1
5/10/2016,May,2016,Tornado,0,0,IL,1
5/10/2016,May,2016,Tornado,0,0,IL,1
5/11/2016,May,2016,Tornado,0,0,IL,1
6/13/2016,Jun,2016,Tornado,0,0,IL,1
6/14/2016,Jun,2016,Tornado,0,0,IL,1
6/22/2016,Jun,2016,Tornado,0,0,IL,1
6/22/2016,Jun,2016,Tornado,0,0,IL,1
6/22/2016,Jun,2016,Tornado,0,0,IL,1
6/22/2016,Jun,2016,Tornado,0,0,IL,1
6/22/2016,Jun,2016,Tornado,0,0,IL,1
6/22/2016,Jun,2016,Tornado,0,0,IL,1
6/22/2016,Jun,2016,Tornado,0,0,IL,1
6/22/2016,Jun,2016,Tornado,0,0,IL,1
6/22/2016,Jun,2016,Tornado,0,0,IL,1
6/22/2016,Jun,2016,Tornado,0,0,IL,1
6/22/2016,Jun,2016,Tornado,0,0,IL,1
6/22/2016,Jun,2016,Tornado,0,0,IL,1
6/22/2016,Jun,2016,Tornado,0,0,IL,1
6/22/2016,Jun,2016,Tornado,0,0,IL,1
6/22/2016,Jun,2016,Tornado,0,0,IL,1
6/22/2016,Jun,2016,Tornado,0,0,IL,1
6/22/2016,Jun,2016,Tornado,0,0,IL,1
6/22/2016,Jun,2016,Tornado,0,0,IL,1
6/22/2016,Jun,2016,Tornado,0,0,IL,1
7/6/2016,Jul,2016,Tornado,0,350000,IL,1
7/17/2016,Jul,2016,Tornado,0,0,IL,1
7/17/2016,Jul,2016,Tornado,0,0,IL,1
7/17/2016,Jul,2016,Tornado,0,0,IL,1
8/9/2016,Aug,2016,Tornado,0,0,IL,1
9/9/2016,Sep,2016,Tornado,0,0,IL,1
9/9/2016,Sep,2016,Tornado,0,800000,IL,1
9/9/2016,Sep,2016,Tornado,0,50000,IL,1
9/9/2016,Sep,2016,Tornado,0,0,IL,1
10/6/2016,Oct,2016,Tornado,0,0,IL,1
2/28/2017,Feb,2017,Tornado,0,100000,IL,1
2/28/2017,Feb,2017,Tornado,0,0,IL,1
2/28/2017,Feb,2017,Tornado,0,0,IL,1
2/28/2017,Feb,2017,Tornado,2,0,IL,1
2/28/2017,Feb,2017,Tornado,0,0,IL,1
2/28/2017,Feb,2017,Tornado,0,0,IL,1
2/28/2017,Feb,2017,Tornado,0,0,IL,1
2/28/2017,Feb,2017,Tornado,0,0,IL,1
2/28/2017,Feb,2017,Tornado,0,0,IL,1
2/28/2017,Feb,2017,Tornado,0,75000,IL,1
2/28/2017,Feb,2017,Tornado,0,1500000,IL,1
2/28/2017,Feb,2017,Tornado,0,500000,IL,1
2/28/2017,Feb,2017,Tornado,0,0,IL,1
2/28/2017,Feb,2017,Tornado,0,0,IL,1
2/28/2017,Feb,2017,Tornado,0,0,IL,1
2/28/2017,Feb,2017,Tornado,0,6000000,IL,1
2/28/2017,Feb,2017,Tornado,0,800000,IL,1
2/28/2017,Feb,2017,Tornado,0,0,IL,1
2/28/2017,Feb,2017,Tornado,0,0,IL,1
2/28/2017,Feb,2017,Tornado,1,2000000,IL,1
2/28/2017,Feb,2017,Tornado,0,6000,IL,1
3/1/2017,Mar,2017,Tornado,0,2000,IL,1
3/6/2017,Mar,2017,Tornado,0,0,IL,1
3/6/2017,Mar,2017,Tornado,0,150000,IL,1
3/7/2017,Mar,2017,Tornado,0,175000,IL,1
3/7/2017,Mar,2017,Tornado,0,120000,IL,1
3/7/2017,Mar,2017,Tornado,0,0,IL,1
3/7/2017,Mar,2017,Tornado,0,0,IL,1
3/7/2017,Mar,2017,Tornado,0,0,IL,1
3/7/2017,Mar,2017,Tornado,0,0,IL,1
4/5/2017,Apr,2017,Tornado,0,35000,IL,1
4/29/2017,Apr,2017,Tornado,0,0,IL,1
4/29/2017,Apr,2017,Tornado,0,0,IL,1
4/29/2017,Apr,2017,Tornado,0,0,IL,1
5/10/2017,May,2017,Tornado,0,8000,IL,1
5/17/2017,May,2017,Tornado,0,0,IL,1
5/17/2017,May,2017,Tornado,0,25000,IL,1
5/17/2017,May,2017,Tornado,0,15000,IL,1
5/17/2017,May,2017,Tornado,0,0,IL,1
5/17/2017,May,2017,Tornado,0,40000,IL,1
5/17/2017,May,2017,Tornado,0,100000,IL,1
5/17/2017,May,2017,Tornado,0,0,IL,1
5/23/2017,May,2017,Tornado,0,0,IL,1
5/23/2017,May,2017,Tornado,0,0,IL,1
5/23/2017,May,2017,Tornado,0,0,IL,1
5/26/2017,May,2017,Tornado,0,45000,IL,1
6/9/2017,Jun,2017,Tornado,0,0,IL,1
6/28/2017,Jun,2017,Tornado,0,0,IL,1
6/28/2017,Jun,2017,Tornado,0,0,IL,1
7/10/2017,Jul,2017,Tornado,0,0,IL,1
7/21/2017,Jul,2017,Tornado,0,40000,IL,1
8/2/2017,Aug,2017,Tornado,0,0,IL,1
8/16/2017,Aug,2017,Tornado,0,0,IL,1
8/16/2017,Aug,2017,Tornado,0,0,IL,1
8/16/2017,Aug,2017,Tornado,0,0,IL,1
10/14/2017,Oct,2017,Tornado,0,0,IL,1
11/5/2017,Nov,2017,Tornado,0,70000,IL,1
11/18/2017,Nov,2017,Tornado,0,250000,IL,1
11/18/2017,Nov,2017,Tornado,0,5000,IL,1
4/3/2018,Apr,2018,Tornado,0,0,IL,1
4/3/2018,Apr,2018,Tornado,0,0,IL,1
4/3/2018,Apr,2018,Tornado,0,250000,IL,1
4/3/2018,Apr,2018,Tornado,0,40000,IL,1
4/3/2018,Apr,2018,Tornado,0,7000,IL,1
4/3/2018,Apr,2018,Tornado,0,500000,IL,1
4/3/2018,Apr,2018,Tornado,0,130000,IL,1
4/3/2018,Apr,2018,Tornado,0,50000,IL,1
5/15/2018,May,2018,Tornado,0,0,IL,1
5/15/2018,May,2018,Tornado,0,0,IL,1
5/15/2018,May,2018,Tornado,0,0,IL,1
5/27/2018,May,2018,Tornado,0,0,IL,1
5/30/2018,May,2018,Tornado,0,0,IL,1
5/31/2018,May,2018,Tornado,0,70000,IL,1
5/31/2018,May,2018,Tornado,0,7000,IL,1
6/10/2018,Jun,2018,Tornado,0,80000,IL,1
6/10/2018,Jun,2018,Tornado,0,20000,IL,1
6/21/2018,Jun,2018,Tornado,0,0,IL,1
6/26/2018,Jun,2018,Tornado,0,20000,IL,1
6/26/2018,Jun,2018,Tornado,0,0,IL,1
6/26/2018,Jun,2018,Tornado,0,0,IL,1
6/26/2018,Jun,2018,Tornado,0,30000,IL,1
6/26/2018,Jun,2018,Tornado,0,0,IL,1
6/26/2018,Jun,2018,Tornado,0,37000,IL,1
6/28/2018,Jun,2018,Tornado,0,0,IL,1
6/28/2018,Jun,2018,Tornado,0,35000,IL,1
8/16/2018,Aug,2018,Tornado,0,30000,IL,1
8/20/2018,Aug,2018,Tornado,0,0,IL,1
9/3/2018,Sep,2018,Tornado,0,10000,IL,1
12/1/2018,Dec,2018,Tornado,0,0,IL,1
12/1/2018,Dec,2018,Tornado,0,0,IL,1
12/1/2018,Dec,2018,Tornado,0,0,IL,1
12/1/2018,Dec,2018,Tornado,0,12000,IL,1
12/1/2018,Dec,2018,Tornado,0,0,IL,1
12/1/2018,Dec,2018,Tornado,0,35000,IL,1
12/1/2018,Dec,2018,Tornado,0,0,IL,1
12/1/2018,Dec,2018,Tornado,0,200000,IL,1
12/1/2018,Dec,2018,Tornado,0,0,IL,1
12/1/2018,Dec,2018,Tornado,0,0,IL,1
12/1/2018,Dec,2018,Tornado,0,260000,IL,1
12/1/2018,Dec,2018,Tornado,0,350000,IL,1
12/1/2018,Dec,2018,Tornado,0,0,IL,1
12/1/2018,Dec,2018,Tornado,0,0,IL,1
12/1/2018,Dec,2018,Tornado,0,0,IL,1
12/1/2018,Dec,2018,Tornado,0,0,IL,1
12/1/2018,Dec,2018,Tornado,0,20000,IL,1
12/1/2018,Dec,2018,Tornado,0,0,IL,1
12/1/2018,Dec,2018,Tornado,0,140000,IL,1
12/1/2018,Dec,2018,Tornado,0,65000,IL,1
12/1/2018,Dec,2018,Tornado,0,118900000,IL,1
12/1/2018,Dec,2018,Tornado,0,80000,IL,1
12/1/2018,Dec,2018,Tornado,0,3300000,IL,1
12/1/2018,Dec,2018,Tornado,0,325000,IL,1
12/1/2018,Dec,2018,Tornado,0,25000,IL,1
12/1/2018,Dec,2018,Tornado,0,225000,IL,1
12/1/2018,Dec,2018,Tornado,0,150000,IL,1
12/1/2018,Dec,2018,Tornado,0,75000,IL,1
12/1/2018,Dec,2018,Tornado,0,75000,IL,1
12/1/2018,Dec,2018,Tornado,0,30000,IL,1
12/1/2018,Dec,2018,Tornado,0,110000,IL,1
1/18/2019,Jan,2019,Tornado,0,0,IL,1
4/24/2019,Apr,2019,Tornado,0,1000,IL,1
4/30/2019,Apr,2019,Tornado,0,0,IL,1
5/21/2019,May,2019,Tornado,0,0,IL,1
5/22/2019,May,2019,Tornado,0,0,IL,1
5/22/2019,May,2019,Tornado,0,0,IL,1
5/22/2019,May,2019,Tornado,0,0,IL,1
5/22/2019,May,2019,Tornado,0,0,IL,1
5/22/2019,May,2019,Tornado,0,0,IL,1
5/22/2019,May,2019,Tornado,0,0,IL,1
5/23/2019,May,2019,Tornado,0,0,IL,1
5/23/2019,May,2019,Tornado,0,0,IL,1
5/23/2019,May,2019,Tornado,0,0,IL,1
5/24/2019,May,2019,Tornado,0,0,IL,1
5/24/2019,May,2019,Tornado,0,0,IL,1
5/24/2019,May,2019,Tornado,0,10000,IL,1
5/25/2019,May,2019,Tornado,0,0,IL,1
5/25/2019,May,2019,Tornado,0,0,IL,1
5/26/2019,May,2019,Tornado,0,0,IL,1
5/26/2019,May,2019,Tornado,0,0,IL,1
5/26/2019,May,2019,Tornado,0,0,IL,1
5/27/2019,May,2019,Tornado,0,0,IL,1
5/27/2019,May,2019,Tornado,0,0,IL,1
5/27/2019,May,2019,Tornado,0,0,IL,1
5/27/2019,May,2019,Tornado,0,0,IL,1
5/27/2019,May,2019,Tornado,0,0,IL,1
5/27/2019,May,2019,Tornado,0,0,IL,1
5/28/2019,May,2019,Tornado,0,0,IL,1
5/29/2019,May,2019,Tornado,0,0,IL,1
5/29/2019,May,2019,Tornado,0,0,IL,1
5/29/2019,May,2019,Tornado,0,0,IL,1
5/29/2019,May,2019,Tornado,0,0,IL,1
6/12/2019,Jun,2019,Tornado,0,10000,IL,1
6/15/2019,Jun,2019,Tornado,0,0,IL,1
6/15/2019,Jun,2019,Tornado,0,0,IL,1
6/15/2019,Jun,2019,Tornado,0,60000,IL,1
6/15/2019,Jun,2019,Tornado,0,40000,IL,1
6/19/2019,Jun,2019,Tornado,0,0,IL,1
6/19/2019,Jun,2019,Tornado,0,0,IL,1
6/19/2019,Jun,2019,Tornado,0,0,IL,1
6/23/2019,Jun,2019,Tornado,0,40000,IL,1
6/30/2019,Jun,2019,Tornado,0,0,IL,1
7/21/2019,Jul,2019,Tornado,0,0,IL,1
8/12/2019,Aug,2019,Tornado,0,75000,IL,1
8/12/2019,Aug,2019,Tornado,0,20000,IL,1
8/12/2019,Aug,2019,Tornado,0,0,IL,1
8/21/2019,Aug,2019,Tornado,0,0,IL,1
9/1/2019,Sep,2019,Tornado,0,0,IL,1
9/3/2019,Sep,2019,Tornado,0,0,IL,1
9/27/2019,Sep,2019,Tornado,0,85000,IL,1
9/29/2019,Sep,2019,Tornado,0,0,IL,1
1/11/2020,Jan,2020,Tornado,0,80000,IL,1
3/19/2020,Mar,2020,Tornado,0,300000,IL,1
3/19/2020,Mar,2020,Tornado,0,3000,IL,1
3/19/2020,Mar,2020,Tornado,0,125000,IL,1
3/28/2020,Mar,2020,Tornado,0,0,IL,1
3/28/2020,Mar,2020,Tornado,0,0,IL,1
3/28/2020,Mar,2020,Tornado,0,100000,IL,1
3/28/2020,Mar,2020,Tornado,0,0,IL,1
3/28/2020,Mar,2020,Tornado,0,300000,IL,1
3/28/2020,Mar,2020,Tornado,0,0,IL,1
4/28/2020,Apr,2020,Tornado,0,100000,IL,1
5/14/2020,May,2020,Tornado,0,0,IL,1
5/17/2020,May,2020,Tornado,0,0,IL,1
5/17/2020,May,2020,Tornado,0,10000,IL,1
5/17/2020,May,2020,Tornado,0,0,IL,1
5/19/2020,May,2020,Tornado,0,0,IL,1
5/23/2020,May,2020,Tornado,0,20000,IL,1
5/23/2020,May,2020,Tornado,0,0,IL,1
5/23/2020,May,2020,Tornado,0,0,IL,1
5/23/2020,May,2020,Tornado,0,0,IL,1
5/23/2020,May,2020,Tornado,0,0,IL,1
5/23/2020,May,2020,Tornado,0,0,IL,1
5/23/2020,May,2020,Tornado,0,0,IL,1
5/23/2020,May,2020,Tornado,0,0,IL,1
5/23/2020,May,2020,Tornado,0,0,IL,1
5/23/2020,May,2020,Tornado,0,0,IL,1
5/27/2020,May,2020,Tornado,0,0,IL,1
5/28/2020,May,2020,Tornado,0,0,IL,1
5/28/2020,May,2020,Tornado,0,0,IL,1
5/28/2020,May,2020,Tornado,0,0,IL,1
5/28/2020,May,2020,Tornado,0,0,IL,1
6/9/2020,Jun,2020,Tornado,0,0,IL,1
6/9/2020,Jun,2020,Tornado,0,0,IL,1
7/4/2020,Jul,2020,Tornado,0,0,IL,1
7/8/2020,Jul,2020,Tornado,0,0,IL,1
7/15/2020,Jul,2020,Tornado,0,0,IL,1
7/15/2020,Jul,2020,Tornado,0,0,IL,1
7/15/2020,Jul,2020,Tornado,0,0,IL,1
7/15/2020,Jul,2020,Tornado,0,10000,IL,1
7/15/2020,Jul,2020,Tornado,0,10000,IL,1
7/15/2020,Jul,2020,Tornado,0,0,IL,1
7/15/2020,Jul,2020,Tornado,0,0,IL,1
7/15/2020,Jul,2020,Tornado,0,0,IL,1
7/15/2020,Jul,2020,Tornado,0,0,IL,1
7/15/2020,Jul,2020,Tornado,0,0,IL,1
7/20/2020,Jul,2020,Tornado,0,15000,IL,1
7/21/2020,Jul,2020,Tornado,0,300000,IL,1
7/21/2020,Jul,2020,Tornado,0,0,IL,1
