Begin_Date,Begin_Month,Begin_Year,Event_Type,Deaths,Damage_Property,State,Total_Disaster
7/10/1996,Jul,1996,Hurricane (Typhoon),0,0,FL,1
7/10/1996,Jul,1996,Hurricane (Typhoon),2,0,FL,1
7/10/1996,Jul,1996,Hurricane (Typhoon),0,0,FL,1
9/2/1996,Sep,1996,Hurricane (Typhoon),0,0,FL,1
10/7/1996,Oct,1996,Tropical Storm,0,0,FL,1
10/7/1996,Oct,1996,Tropical Storm,0,340000,FL,1
10/7/1996,Oct,1996,Tropical Storm,0,0,FL,1
10/7/1996,Oct,1996,Tropical Storm,0,1200000,FL,1
10/7/1996,Oct,1996,Tropical Storm,0,4900000,FL,1
10/7/1996,Oct,1996,Tropical Storm,0,0,FL,1
10/7/1996,Oct,1996,Tropical Storm,0,25020000,FL,1
10/7/1996,Oct,1996,Tropical Storm,0,3270000,FL,1
10/7/1996,Oct,1996,Tropical Storm,0,3930000,FL,1
10/7/1996,Oct,1996,Tropical Storm,0,45000,FL,1
10/7/1996,Oct,1996,Tropical Storm,0,0,FL,1
10/7/1996,Oct,1996,Tropical Storm,0,910000,FL,1
10/7/1996,Oct,1996,Tropical Storm,0,2680000,FL,1
10/7/1996,Oct,1996,Tropical Storm,0,2300000,FL,1
10/7/1996,Oct,1996,Tropical Storm,0,0,FL,1
10/7/1996,Oct,1996,Tropical Storm,0,0,FL,1
10/7/1996,Oct,1996,Tropical Storm,0,0,FL,1
10/7/1996,Oct,1996,Tropical Storm,0,0,FL,1
10/7/1996,Oct,1996,Tropical Storm,0,0,FL,1
10/7/1996,Oct,1996,Tropical Storm,0,0,FL,1
10/7/1996,Oct,1996,Tropical Storm,0,0,FL,1
10/7/1996,Oct,1996,Tropical Storm,0,0,FL,1
10/7/1996,Oct,1996,Tropical Storm,0,0,FL,1
10/7/1996,Oct,1996,Tropical Storm,0,0,FL,1
10/7/1996,Oct,1996,Tropical Storm,0,0,FL,1
10/7/1996,Oct,1996,Tropical Storm,0,0,FL,1
10/7/1996,Oct,1996,Tropical Storm,0,0,FL,1
10/7/1996,Oct,1996,Tropical Storm,0,0,FL,1
10/7/1996,Oct,1996,Tropical Storm,0,0,FL,1
10/8/1996,Oct,1996,Tropical Storm,0,500000,FL,1
9/1/1998,Sep,1998,Hurricane (Typhoon),0,30000,FL,1
9/1/1998,Sep,1998,Hurricane (Typhoon),0,0,FL,1
9/1/1998,Sep,1998,Hurricane (Typhoon),0,0,FL,1
9/1/1998,Sep,1998,Hurricane (Typhoon),0,0,FL,1
9/1/1998,Sep,1998,Hurricane (Typhoon),0,20000,FL,1
9/1/1998,Sep,1998,Hurricane (Typhoon),0,100000,FL,1
9/2/1998,Sep,1998,Hurricane (Typhoon),0,50000,FL,1
9/2/1998,Sep,1998,Hurricane (Typhoon),0,0,FL,1
9/2/1998,Sep,1998,Hurricane (Typhoon),0,10000,FL,1
9/2/1998,Sep,1998,Hurricane (Typhoon),0,750000,FL,1
9/2/1998,Sep,1998,Hurricane (Typhoon),0,250000,FL,1
9/2/1998,Sep,1998,Hurricane (Typhoon),0,0,FL,1
9/2/1998,Sep,1998,Hurricane (Typhoon),0,0,FL,1
9/2/1998,Sep,1998,Hurricane (Typhoon),0,0,FL,1
9/2/1998,Sep,1998,Hurricane (Typhoon),0,0,FL,1
9/2/1998,Sep,1998,Hurricane (Typhoon),0,0,FL,1
9/2/1998,Sep,1998,Hurricane (Typhoon),0,0,FL,1
9/2/1998,Sep,1998,Hurricane (Typhoon),0,0,FL,1
9/2/1998,Sep,1998,Hurricane (Typhoon),0,0,FL,1
9/2/1998,Sep,1998,Hurricane (Typhoon),0,750000,FL,1
9/2/1998,Sep,1998,Hurricane (Typhoon),0,350000,FL,1
9/2/1998,Sep,1998,Hurricane (Typhoon),0,5000,FL,1
9/2/1998,Sep,1998,Hurricane (Typhoon),0,10000,FL,1
9/2/1998,Sep,1998,Hurricane (Typhoon),0,10000,FL,1
9/2/1998,Sep,1998,Hurricane (Typhoon),0,10000,FL,1
9/2/1998,Sep,1998,Hurricane (Typhoon),0,25000,FL,1
9/2/1998,Sep,1998,Hurricane (Typhoon),0,100000,FL,1
9/2/1998,Sep,1998,Hurricane (Typhoon),0,75000,FL,1
9/2/1998,Sep,1998,Hurricane (Typhoon),0,0,FL,1
9/2/1998,Sep,1998,Hurricane (Typhoon),0,0,FL,1
9/2/1998,Sep,1998,Hurricane (Typhoon),0,50000,FL,1
9/2/1998,Sep,1998,Hurricane (Typhoon),0,1130000,FL,1
9/2/1998,Sep,1998,Hurricane (Typhoon),0,0,FL,1
9/2/1998,Sep,1998,Hurricane (Typhoon),0,500000,FL,1
9/2/1998,Sep,1998,Hurricane (Typhoon),0,0,FL,1
9/2/1998,Sep,1998,Hurricane (Typhoon),0,0,FL,1
9/2/1998,Sep,1998,Hurricane (Typhoon),0,50000,FL,1
9/2/1998,Sep,1998,Hurricane (Typhoon),2,3000000,FL,1
9/24/1998,Sep,1998,Tropical Storm,0,0,FL,1
9/25/1998,Sep,1998,Hurricane (Typhoon),0,0,FL,1
9/25/1998,Sep,1998,Tropical Storm,0,0,FL,1
9/25/1998,Sep,1998,Tropical Storm,0,0,FL,1
9/25/1998,Sep,1998,Tropical Storm,0,0,FL,1
9/25/1998,Sep,1998,Tropical Storm,0,0,FL,1
9/25/1998,Sep,1998,Tropical Storm,0,0,FL,1
9/25/1998,Sep,1998,Tropical Storm,0,0,FL,1
9/25/1998,Sep,1998,Hurricane (Typhoon),0,0,FL,1
9/25/1998,Sep,1998,Tropical Storm,0,0,FL,1
9/25/1998,Sep,1998,Tropical Storm,0,0,FL,1
9/25/1998,Sep,1998,Hurricane (Typhoon),0,0,FL,1
9/25/1998,Sep,1998,Hurricane (Typhoon),0,0,FL,1
9/25/1998,Sep,1998,Hurricane (Typhoon),0,0,FL,1
9/25/1998,Sep,1998,Hurricane (Typhoon),0,0,FL,1
9/25/1998,Sep,1998,Hurricane (Typhoon),0,0,FL,1
9/25/1998,Sep,1998,Hurricane (Typhoon),0,0,FL,1
9/25/1998,Sep,1998,Hurricane (Typhoon),0,0,FL,1
9/25/1998,Sep,1998,Hurricane (Typhoon),0,0,FL,1
9/25/1998,Sep,1998,Hurricane (Typhoon),0,0,FL,1
9/25/1998,Sep,1998,Hurricane (Typhoon),0,250000,FL,1
9/25/1998,Sep,1998,Hurricane (Typhoon),0,0,FL,1
9/25/1998,Sep,1998,Hurricane (Typhoon),0,0,FL,1
9/25/1998,Sep,1998,Hurricane (Typhoon),0,0,FL,1
9/25/1998,Sep,1998,Hurricane (Typhoon),0,0,FL,1
9/25/1998,Sep,1998,Hurricane (Typhoon),0,5000000,FL,1
9/25/1998,Sep,1998,Hurricane (Typhoon),0,0,FL,1
9/25/1998,Sep,1998,Hurricane (Typhoon),0,250000000,FL,1
9/25/1998,Sep,1998,Hurricane (Typhoon),0,40000000,FL,1
9/25/1998,Sep,1998,Hurricane (Typhoon),0,0,FL,1
9/25/1998,Sep,1998,Hurricane (Typhoon),0,70000000,FL,1
9/25/1998,Sep,1998,Hurricane (Typhoon),0,0,FL,1
9/25/1998,Sep,1998,Hurricane (Typhoon),0,25000000,FL,1
9/25/1998,Sep,1998,Hurricane (Typhoon),0,0,FL,1
9/28/1998,Sep,1998,Hurricane (Typhoon),0,125000,FL,1
9/28/1998,Sep,1998,Hurricane (Typhoon),0,7500000,FL,1
9/28/1998,Sep,1998,Hurricane (Typhoon),0,2500000,FL,1
9/28/1998,Sep,1998,Hurricane (Typhoon),0,15000000,FL,1
9/28/1998,Sep,1998,Hurricane (Typhoon),0,4000000,FL,1
9/28/1998,Sep,1998,Hurricane (Typhoon),0,1500000,FL,1
9/28/1998,Sep,1998,Hurricane (Typhoon),0,1000000,FL,1
9/28/1998,Sep,1998,Hurricane (Typhoon),0,75000,FL,1
9/28/1998,Sep,1998,Hurricane (Typhoon),0,25000,FL,1
9/28/1998,Sep,1998,Hurricane (Typhoon),0,150000,FL,1
9/28/1998,Sep,1998,Hurricane (Typhoon),0,50000,FL,1
9/28/1998,Sep,1998,Hurricane (Typhoon),0,500000,FL,1
9/28/1998,Sep,1998,Hurricane (Typhoon),0,275000,FL,1
9/28/1998,Sep,1998,Hurricane (Typhoon),0,400000,FL,1
9/28/1998,Sep,1998,Hurricane (Typhoon),0,25000000,FL,1
9/28/1998,Sep,1998,Hurricane (Typhoon),0,3500000,FL,1
9/28/1998,Sep,1998,Hurricane (Typhoon),0,375000,FL,1
11/4/1998,Nov,1998,Tropical Storm,0,0,FL,1
11/4/1998,Nov,1998,Tropical Storm,0,0,FL,1
11/4/1998,Nov,1998,Tropical Storm,2,0,FL,1
11/4/1998,Nov,1998,Tropical Storm,0,0,FL,1
11/4/1998,Nov,1998,Tropical Storm,0,0,FL,1
11/4/1998,Nov,1998,Tropical Storm,0,0,FL,1
11/4/1998,Nov,1998,Tropical Storm,0,0,FL,1
11/4/1998,Nov,1998,Tropical Storm,0,0,FL,1
11/4/1998,Nov,1998,Tropical Storm,0,0,FL,1
11/4/1998,Nov,1998,Tropical Storm,0,0,FL,1
11/4/1998,Nov,1998,Tropical Storm,0,30000000,FL,1
11/4/1998,Nov,1998,Tropical Storm,0,0,FL,1
11/4/1998,Nov,1998,Tropical Storm,0,0,FL,1
11/4/1998,Nov,1998,Tropical Storm,0,0,FL,1
11/4/1998,Nov,1998,Tropical Storm,0,20000,FL,1
11/4/1998,Nov,1998,Tropical Storm,0,0,FL,1
11/4/1998,Nov,1998,Tropical Storm,0,0,FL,1
11/4/1998,Nov,1998,Tropical Storm,0,0,FL,1
11/4/1998,Nov,1998,Tropical Storm,0,0,FL,1
11/4/1998,Nov,1998,Tropical Storm,0,0,FL,1
11/4/1998,Nov,1998,Tropical Storm,0,0,FL,1
11/4/1998,Nov,1998,Tropical Storm,0,0,FL,1
11/4/1998,Nov,1998,Tropical Storm,0,0,FL,1
11/5/1998,Nov,1998,Tropical Storm,0,0,FL,1
8/29/1999,Aug,1999,Hurricane (Typhoon),1,100000,FL,1
9/13/1999,Sep,1999,Hurricane (Typhoon),0,0,FL,1
9/13/1999,Sep,1999,Hurricane (Typhoon),0,0,FL,1
9/13/1999,Sep,1999,Hurricane (Typhoon),0,100000,FL,1
9/14/1999,Sep,1999,Hurricane (Typhoon),0,0,FL,1
9/14/1999,Sep,1999,Hurricane (Typhoon),0,0,FL,1
9/14/1999,Sep,1999,Hurricane (Typhoon),0,0,FL,1
9/14/1999,Sep,1999,Hurricane (Typhoon),0,0,FL,1
9/14/1999,Sep,1999,Hurricane (Typhoon),0,20000,FL,1
9/14/1999,Sep,1999,Hurricane (Typhoon),0,0,FL,1
9/14/1999,Sep,1999,Hurricane (Typhoon),0,0,FL,1
9/14/1999,Sep,1999,Hurricane (Typhoon),0,0,FL,1
9/14/1999,Sep,1999,Hurricane (Typhoon),0,0,FL,1
9/14/1999,Sep,1999,Hurricane (Typhoon),0,50000,FL,1
9/14/1999,Sep,1999,Hurricane (Typhoon),0,400000,FL,1
9/14/1999,Sep,1999,Hurricane (Typhoon),0,5000000,FL,1
9/14/1999,Sep,1999,Hurricane (Typhoon),0,50000,FL,1
9/14/1999,Sep,1999,Hurricane (Typhoon),0,500000,FL,1
9/15/1999,Sep,1999,Hurricane (Typhoon),0,55000000,FL,1
9/15/1999,Sep,1999,Hurricane (Typhoon),0,60000,FL,1
9/15/1999,Sep,1999,Hurricane (Typhoon),0,3000000,FL,1
9/15/1999,Sep,1999,Hurricane (Typhoon),0,1000000,FL,1
9/15/1999,Sep,1999,Hurricane (Typhoon),0,2500000,FL,1
9/20/1999,Sep,1999,Tropical Storm,0,325000,FL,1
9/20/1999,Sep,1999,Tropical Storm,0,0,FL,1
9/20/1999,Sep,1999,Tropical Storm,0,0,FL,1
9/20/1999,Sep,1999,Tropical Storm,0,0,FL,1
9/20/1999,Sep,1999,Tropical Storm,0,100000,FL,1
9/20/1999,Sep,1999,Tropical Storm,0,0,FL,1
9/20/1999,Sep,1999,Tropical Storm,0,0,FL,1
9/20/1999,Sep,1999,Tropical Storm,0,0,FL,1
9/20/1999,Sep,1999,Tropical Storm,0,0,FL,1
9/20/1999,Sep,1999,Tropical Storm,0,0,FL,1
9/20/1999,Sep,1999,Tropical Storm,0,0,FL,1
9/20/1999,Sep,1999,Tropical Storm,0,0,FL,1
9/20/1999,Sep,1999,Tropical Storm,0,0,FL,1
9/20/1999,Sep,1999,Tropical Storm,0,0,FL,1
9/21/1999,Sep,1999,Tropical Storm,0,0,FL,1
9/21/1999,Sep,1999,Tropical Storm,0,0,FL,1
10/14/1999,Oct,1999,Hurricane (Typhoon),0,140000000,FL,1
10/14/1999,Oct,1999,Hurricane (Typhoon),0,54000000,FL,1
10/14/1999,Oct,1999,Hurricane (Typhoon),0,68000000,FL,1
10/14/1999,Oct,1999,Hurricane (Typhoon),0,9300000,FL,1
10/14/1999,Oct,1999,Hurricane (Typhoon),0,1500000,FL,1
10/14/1999,Oct,1999,Hurricane (Typhoon),0,2670000,FL,1
10/15/1999,Oct,1999,Hurricane (Typhoon),0,0,FL,1
10/15/1999,Oct,1999,Hurricane (Typhoon),0,0,FL,1
10/15/1999,Oct,1999,Hurricane (Typhoon),0,0,FL,1
10/15/1999,Oct,1999,Hurricane (Typhoon),0,0,FL,1
10/15/1999,Oct,1999,Hurricane (Typhoon),0,0,FL,1
10/15/1999,Oct,1999,Hurricane (Typhoon),0,0,FL,1
10/15/1999,Oct,1999,Hurricane (Typhoon),0,10000000,FL,1
10/15/1999,Oct,1999,Hurricane (Typhoon),0,12000000,FL,1
10/15/1999,Oct,1999,Hurricane (Typhoon),0,6000000,FL,1
10/15/1999,Oct,1999,Hurricane (Typhoon),0,8000000,FL,1
10/15/1999,Oct,1999,Hurricane (Typhoon),0,15000000,FL,1
10/16/1999,Oct,1999,Hurricane (Typhoon),0,600000,FL,1
10/16/1999,Oct,1999,Hurricane (Typhoon),0,300000,FL,1
10/16/1999,Oct,1999,Hurricane (Typhoon),0,300000,FL,1
9/16/2000,Sep,2000,Tropical Storm,0,0,FL,1
9/16/2000,Sep,2000,Tropical Storm,0,0,FL,1
9/16/2000,Sep,2000,Tropical Storm,0,50000,FL,1
9/16/2000,Sep,2000,Tropical Storm,0,0,FL,1
9/16/2000,Sep,2000,Tropical Storm,0,0,FL,1
9/17/2000,Sep,2000,Hurricane (Typhoon),0,500000,FL,1
9/17/2000,Sep,2000,Hurricane (Typhoon),0,150000,FL,1
9/17/2000,Sep,2000,Hurricane (Typhoon),0,10000,FL,1
9/17/2000,Sep,2000,Hurricane (Typhoon),0,50000,FL,1
9/17/2000,Sep,2000,Hurricane (Typhoon),0,250000,FL,1
9/17/2000,Sep,2000,Hurricane (Typhoon),0,1000000,FL,1
9/17/2000,Sep,2000,Hurricane (Typhoon),0,100000,FL,1
9/17/2000,Sep,2000,Hurricane (Typhoon),0,500000,FL,1
9/17/2000,Sep,2000,Hurricane (Typhoon),0,100000,FL,1
9/17/2000,Sep,2000,Hurricane (Typhoon),0,20000,FL,1
9/17/2000,Sep,2000,Hurricane (Typhoon),0,20000,FL,1
9/17/2000,Sep,2000,Hurricane (Typhoon),0,25000,FL,1
9/17/2000,Sep,2000,Hurricane (Typhoon),0,25000,FL,1
9/17/2000,Sep,2000,Hurricane (Typhoon),0,500000,FL,1
9/17/2000,Sep,2000,Hurricane (Typhoon),0,1800000,FL,1
9/17/2000,Sep,2000,Hurricane (Typhoon),0,0,FL,1
9/17/2000,Sep,2000,Hurricane (Typhoon),0,0,FL,1
9/17/2000,Sep,2000,Hurricane (Typhoon),0,0,FL,1
9/17/2000,Sep,2000,Hurricane (Typhoon),0,0,FL,1
9/17/2000,Sep,2000,Hurricane (Typhoon),0,0,FL,1
9/17/2000,Sep,2000,Hurricane (Typhoon),0,0,FL,1
9/17/2000,Sep,2000,Hurricane (Typhoon),0,0,FL,1
9/17/2000,Sep,2000,Hurricane (Typhoon),0,0,FL,1
9/17/2000,Sep,2000,Hurricane (Typhoon),0,0,FL,1
9/17/2000,Sep,2000,Hurricane (Typhoon),0,0,FL,1
9/21/2000,Sep,2000,Tropical Storm,0,0,FL,1
9/21/2000,Sep,2000,Tropical Storm,0,0,FL,1
9/21/2000,Sep,2000,Tropical Storm,0,0,FL,1
9/21/2000,Sep,2000,Tropical Storm,0,0,FL,1
9/21/2000,Sep,2000,Tropical Storm,0,0,FL,1
9/21/2000,Sep,2000,Tropical Storm,0,0,FL,1
9/21/2000,Sep,2000,Tropical Storm,0,0,FL,1
9/21/2000,Sep,2000,Tropical Storm,0,0,FL,1
9/21/2000,Sep,2000,Tropical Storm,0,0,FL,1
9/21/2000,Sep,2000,Tropical Storm,0,0,FL,1
9/21/2000,Sep,2000,Tropical Storm,0,0,FL,1
9/21/2000,Sep,2000,Tropical Storm,0,0,FL,1
9/21/2000,Sep,2000,Tropical Storm,0,0,FL,1
9/21/2000,Sep,2000,Tropical Storm,0,0,FL,1
9/21/2000,Sep,2000,Tropical Storm,0,0,FL,1
9/21/2000,Sep,2000,Tropical Storm,0,0,FL,1
9/21/2000,Sep,2000,Tropical Storm,0,0,FL,1
9/21/2000,Sep,2000,Tropical Storm,0,0,FL,1
9/21/2000,Sep,2000,Tropical Storm,0,0,FL,1
9/21/2000,Sep,2000,Tropical Storm,0,0,FL,1
9/21/2000,Sep,2000,Tropical Storm,0,0,FL,1
9/21/2000,Sep,2000,Tropical Storm,0,0,FL,1
8/4/2001,Aug,2001,Tropical Storm,0,0,FL,1
8/4/2001,Aug,2001,Tropical Storm,0,0,FL,1
8/4/2001,Aug,2001,Tropical Storm,0,0,FL,1
8/4/2001,Aug,2001,Tropical Storm,0,0,FL,1
8/4/2001,Aug,2001,Tropical Storm,0,700000,FL,1
8/4/2001,Aug,2001,Tropical Storm,0,0,FL,1
8/4/2001,Aug,2001,Tropical Storm,0,0,FL,1
8/4/2001,Aug,2001,Tropical Storm,0,0,FL,1
8/4/2001,Aug,2001,Tropical Storm,0,0,FL,1
8/4/2001,Aug,2001,Tropical Storm,0,0,FL,1
8/4/2001,Aug,2001,Tropical Storm,0,0,FL,1
8/4/2001,Aug,2001,Tropical Storm,0,0,FL,1
8/4/2001,Aug,2001,Tropical Storm,0,0,FL,1
8/4/2001,Aug,2001,Tropical Storm,0,0,FL,1
8/4/2001,Aug,2001,Tropical Storm,0,5000000,FL,1
8/4/2001,Aug,2001,Tropical Storm,0,0,FL,1
8/4/2001,Aug,2001,Tropical Storm,0,0,FL,1
8/4/2001,Aug,2001,Tropical Storm,0,0,FL,1
8/4/2001,Aug,2001,Tropical Storm,0,0,FL,1
8/4/2001,Aug,2001,Tropical Storm,0,0,FL,1
9/13/2001,Sep,2001,Tropical Storm,1,0,FL,1
9/13/2001,Sep,2001,Tropical Storm,0,0,FL,1
9/13/2001,Sep,2001,Tropical Storm,0,50000,FL,1
9/13/2001,Sep,2001,Tropical Storm,0,0,FL,1
9/14/2001,Sep,2001,Tropical Storm,0,5700000,FL,1
9/14/2001,Sep,2001,Tropical Storm,0,2000000,FL,1
9/14/2001,Sep,2001,Tropical Storm,0,1000000,FL,1
9/14/2001,Sep,2001,Tropical Storm,0,1200000,FL,1
9/14/2001,Sep,2001,Tropical Storm,0,1500000,FL,1
9/14/2001,Sep,2001,Tropical Storm,0,1300000,FL,1
9/14/2001,Sep,2001,Tropical Storm,0,3600000,FL,1
9/14/2001,Sep,2001,Tropical Storm,0,2000000,FL,1
9/14/2001,Sep,2001,Tropical Storm,0,750000,FL,1
9/14/2001,Sep,2001,Tropical Storm,0,500000,FL,1
9/14/2001,Sep,2001,Tropical Storm,0,150000,FL,1
9/14/2001,Sep,2001,Tropical Storm,0,100000,FL,1
9/14/2001,Sep,2001,Tropical Storm,0,100000,FL,1
9/14/2001,Sep,2001,Tropical Storm,0,75000,FL,1
9/14/2001,Sep,2001,Tropical Storm,0,50000,FL,1
9/14/2001,Sep,2001,Tropical Storm,0,25000,FL,1
9/14/2001,Sep,2001,Tropical Storm,0,3000000,FL,1
9/14/2001,Sep,2001,Tropical Storm,0,0,FL,1
9/14/2001,Sep,2001,Tropical Storm,0,50000,FL,1
9/14/2001,Sep,2001,Tropical Storm,0,0,FL,1
9/14/2001,Sep,2001,Tropical Storm,0,0,FL,1
11/4/2001,Nov,2001,Hurricane (Typhoon),0,0,FL,1
11/5/2001,Nov,2001,Hurricane (Typhoon),0,0,FL,1
11/5/2001,Nov,2001,Hurricane (Typhoon),0,10000,FL,1
11/5/2001,Nov,2001,Hurricane (Typhoon),0,0,FL,1
11/5/2001,Nov,2001,Hurricane (Typhoon),0,30000,FL,1
11/5/2001,Nov,2001,Hurricane (Typhoon),0,10000,FL,1
9/4/2002,Sep,2002,Tropical Storm,0,0,FL,1
9/12/2002,Sep,2002,Tropical Storm,0,10000,FL,1
9/12/2002,Sep,2002,Tropical Storm,0,0,FL,1
9/12/2002,Sep,2002,Tropical Storm,0,0,FL,1
9/12/2002,Sep,2002,Tropical Storm,0,0,FL,1
9/12/2002,Sep,2002,Tropical Storm,0,40000,FL,1
9/13/2002,Sep,2002,Tropical Storm,0,50000,FL,1
9/14/2002,Sep,2002,Tropical Storm,0,100000,FL,1
9/14/2002,Sep,2002,Tropical Storm,0,25000,FL,1
9/14/2002,Sep,2002,Tropical Storm,0,10000,FL,1
9/14/2002,Sep,2002,Tropical Storm,0,35000,FL,1
9/14/2002,Sep,2002,Tropical Storm,0,10000,FL,1
9/14/2002,Sep,2002,Tropical Storm,0,15000,FL,1
9/14/2002,Sep,2002,Tropical Storm,0,5000,FL,1
9/14/2002,Sep,2002,Tropical Storm,0,125000,FL,1
9/14/2002,Sep,2002,Tropical Storm,0,10000,FL,1
9/14/2002,Sep,2002,Tropical Storm,0,25000,FL,1
9/14/2002,Sep,2002,Tropical Storm,0,20000,FL,1
9/14/2002,Sep,2002,Tropical Storm,0,10000,FL,1
9/14/2002,Sep,2002,Tropical Storm,0,10000,FL,1
9/24/2002,Sep,2002,Tropical Storm,0,0,FL,1
9/24/2002,Sep,2002,Tropical Storm,0,0,FL,1
9/24/2002,Sep,2002,Tropical Storm,0,0,FL,1
9/24/2002,Sep,2002,Tropical Storm,0,4500000,FL,1
9/24/2002,Sep,2002,Tropical Storm,0,879000,FL,1
9/24/2002,Sep,2002,Tropical Storm,0,5800000,FL,1
9/25/2002,Sep,2002,Tropical Storm,0,5000000,FL,1
9/25/2002,Sep,2002,Tropical Storm,0,10000,FL,1
9/25/2002,Sep,2002,Tropical Storm,0,10000,FL,1
9/25/2002,Sep,2002,Tropical Storm,0,250000,FL,1
9/25/2002,Sep,2002,Tropical Storm,0,150000,FL,1
9/25/2002,Sep,2002,Tropical Storm,0,100000,FL,1
9/25/2002,Sep,2002,Tropical Storm,0,1000000,FL,1
9/25/2002,Sep,2002,Tropical Storm,0,500000,FL,1
9/25/2002,Sep,2002,Tropical Storm,0,4000000,FL,1
8/10/2004,Aug,2004,Tropical Storm,0,0,FL,1
8/10/2004,Aug,2004,Tropical Storm,0,0,FL,1
8/10/2004,Aug,2004,Tropical Storm,0,0,FL,1
8/10/2004,Aug,2004,Tropical Storm,0,0,FL,1
8/10/2004,Aug,2004,Tropical Storm,0,0,FL,1
8/10/2004,Aug,2004,Tropical Storm,0,0,FL,1
8/11/2004,Aug,2004,Hurricane (Typhoon),0,150000,FL,1
8/11/2004,Aug,2004,Hurricane (Typhoon),0,5000,FL,1
8/11/2004,Aug,2004,Hurricane (Typhoon),0,5000,FL,1
8/12/2004,Aug,2004,Tropical Storm,0,0,FL,1
8/12/2004,Aug,2004,Tropical Storm,0,0,FL,1
8/12/2004,Aug,2004,Tropical Storm,0,0,FL,1
8/12/2004,Aug,2004,Tropical Storm,0,0,FL,1
8/12/2004,Aug,2004,Tropical Storm,0,0,FL,1
8/12/2004,Aug,2004,Tropical Storm,0,0,FL,1
8/12/2004,Aug,2004,Tropical Storm,0,0,FL,1
8/12/2004,Aug,2004,Tropical Storm,0,100000,FL,1
8/12/2004,Aug,2004,Tropical Storm,0,0,FL,1
8/12/2004,Aug,2004,Tropical Storm,0,0,FL,1
8/12/2004,Aug,2004,Tropical Storm,0,0,FL,1
8/12/2004,Aug,2004,Tropical Storm,0,0,FL,1
8/12/2004,Aug,2004,Tropical Storm,0,0,FL,1
8/12/2004,Aug,2004,Tropical Storm,0,0,FL,1
8/13/2004,Aug,2004,Hurricane (Typhoon),0,2500000,FL,1
8/13/2004,Aug,2004,Hurricane (Typhoon),0,50000,FL,1
8/13/2004,Aug,2004,Hurricane (Typhoon),0,25000,FL,1
8/13/2004,Aug,2004,Hurricane (Typhoon),0,0,FL,1
8/13/2004,Aug,2004,Hurricane (Typhoon),0,8200000,FL,1
8/13/2004,Aug,2004,Hurricane (Typhoon),1,2000000000,FL,1
8/13/2004,Aug,2004,Hurricane (Typhoon),1,382000000,FL,1
8/13/2004,Aug,2004,Hurricane (Typhoon),4,3000000000,FL,1
8/13/2004,Aug,2004,Hurricane (Typhoon),1,32400000,FL,1
8/13/2004,Aug,2004,Tropical Storm,0,78000000,FL,1
8/13/2004,Aug,2004,Hurricane (Typhoon),2,52000000,FL,1
8/13/2004,Aug,2004,Tropical Storm,1,900000,FL,1
8/13/2004,Aug,2004,Hurricane (Typhoon),0,20000,FL,1
9/1/2004,Sep,2004,Hurricane (Typhoon),0,5000,FL,1
9/1/2004,Sep,2004,Hurricane (Typhoon),0,10000,FL,1
9/1/2004,Sep,2004,Hurricane (Typhoon),0,5000,FL,1
9/4/2004,Sep,2004,Hurricane (Typhoon),0,80000000,FL,1
9/4/2004,Sep,2004,Hurricane (Typhoon),0,34000000,FL,1
9/4/2004,Sep,2004,Hurricane (Typhoon),0,0,FL,1
9/4/2004,Sep,2004,Hurricane (Typhoon),0,500000000,FL,1
9/4/2004,Sep,2004,Hurricane (Typhoon),0,0,FL,1
9/4/2004,Sep,2004,Hurricane (Typhoon),0,2000000,FL,1
9/4/2004,Sep,2004,Hurricane (Typhoon),0,5000000,FL,1
9/4/2004,Sep,2004,Hurricane (Typhoon),0,0,FL,1
9/4/2004,Sep,2004,Hurricane (Typhoon),0,1000000000,FL,1
9/4/2004,Sep,2004,Tropical Storm,0,0,FL,1
9/4/2004,Sep,2004,Tropical Storm,3,0,FL,1
9/4/2004,Sep,2004,Tropical Storm,0,0,FL,1
9/4/2004,Sep,2004,Tropical Storm,0,0,FL,1
9/4/2004,Sep,2004,Tropical Storm,0,0,FL,1
9/4/2004,Sep,2004,Tropical Storm,0,0,FL,1
9/4/2004,Sep,2004,Tropical Storm,0,0,FL,1
9/4/2004,Sep,2004,Tropical Storm,0,0,FL,1
9/4/2004,Sep,2004,Tropical Storm,0,0,FL,1
9/4/2004,Sep,2004,Tropical Storm,0,0,FL,1
9/4/2004,Sep,2004,Tropical Storm,0,0,FL,1
9/4/2004,Sep,2004,Tropical Storm,0,0,FL,1
9/4/2004,Sep,2004,Tropical Storm,0,0,FL,1
9/4/2004,Sep,2004,Tropical Storm,1,0,FL,1
9/4/2004,Sep,2004,Tropical Storm,0,0,FL,1
9/4/2004,Sep,2004,Hurricane (Typhoon),0,2500000000,FL,1
9/4/2004,Sep,2004,Hurricane (Typhoon),0,1000000000,FL,1
9/4/2004,Sep,2004,Hurricane (Typhoon),0,90000000,FL,1
9/4/2004,Sep,2004,Hurricane (Typhoon),0,240000000,FL,1
9/5/2004,Sep,2004,Tropical Storm,0,45000000,FL,1
9/5/2004,Sep,2004,Tropical Storm,0,32400000,FL,1
9/5/2004,Sep,2004,Tropical Storm,0,31200000,FL,1
9/5/2004,Sep,2004,Tropical Storm,0,6400000,FL,1
9/5/2004,Sep,2004,Tropical Storm,0,4800000,FL,1
9/5/2004,Sep,2004,Tropical Storm,1,6400000,FL,1
9/5/2004,Sep,2004,Tropical Storm,0,23200000,FL,1
9/5/2004,Sep,2004,Tropical Storm,0,1500000,FL,1
9/5/2004,Sep,2004,Tropical Storm,0,21200000,FL,1
9/5/2004,Sep,2004,Tropical Storm,0,7300000,FL,1
9/5/2004,Sep,2004,Tropical Storm,0,10000,FL,1
9/5/2004,Sep,2004,Tropical Storm,0,10000,FL,1
9/5/2004,Sep,2004,Tropical Storm,0,125000,FL,1
9/5/2004,Sep,2004,Tropical Storm,0,300000,FL,1
9/5/2004,Sep,2004,Tropical Storm,0,10000,FL,1
9/5/2004,Sep,2004,Tropical Storm,0,200000,FL,1
9/5/2004,Sep,2004,Tropical Storm,0,10000,FL,1
9/5/2004,Sep,2004,Tropical Storm,0,250000,FL,1
9/5/2004,Sep,2004,Tropical Storm,0,100000,FL,1
9/5/2004,Sep,2004,Tropical Storm,0,15000,FL,1
9/5/2004,Sep,2004,Tropical Storm,0,500000,FL,1
9/5/2004,Sep,2004,Tropical Storm,0,150000,FL,1
9/5/2004,Sep,2004,Tropical Storm,0,50000,FL,1
9/5/2004,Sep,2004,Tropical Storm,0,10000,FL,1
9/12/2004,Sep,2004,Hurricane (Typhoon),0,0,FL,1
9/12/2004,Sep,2004,Hurricane (Typhoon),0,0,FL,1
9/12/2004,Sep,2004,Hurricane (Typhoon),0,0,FL,1
9/13/2004,Sep,2004,Hurricane (Typhoon),0,0,FL,1
9/13/2004,Sep,2004,Hurricane (Typhoon),1,0,FL,1
9/13/2004,Sep,2004,Hurricane (Typhoon),0,0,FL,1
9/13/2004,Sep,2004,Hurricane (Typhoon),6,4000000000,FL,1
9/13/2004,Sep,2004,Hurricane (Typhoon),0,0,FL,1
9/13/2004,Sep,2004,Hurricane (Typhoon),0,0,FL,1
9/15/2004,Sep,2004,Hurricane (Typhoon),2,25000000,FL,1
9/15/2004,Sep,2004,Hurricane (Typhoon),0,25000,FL,1
9/15/2004,Sep,2004,Hurricane (Typhoon),0,5000000,FL,1
9/15/2004,Sep,2004,Hurricane (Typhoon),0,50000,FL,1
9/15/2004,Sep,2004,Hurricane (Typhoon),0,50000,FL,1
9/15/2004,Sep,2004,Hurricane (Typhoon),0,500000,FL,1
9/15/2004,Sep,2004,Hurricane (Typhoon),0,30000000,FL,1
9/15/2004,Sep,2004,Hurricane (Typhoon),0,150000,FL,1
9/15/2004,Sep,2004,Hurricane (Typhoon),0,50000,FL,1
9/15/2004,Sep,2004,Hurricane (Typhoon),0,1500000,FL,1
9/15/2004,Sep,2004,Hurricane (Typhoon),0,5000000,FL,1
9/15/2004,Sep,2004,Hurricane (Typhoon),0,100000,FL,1
9/15/2004,Sep,2004,Hurricane (Typhoon),4,2500000,FL,1
9/15/2004,Sep,2004,Hurricane (Typhoon),0,250000,FL,1
9/15/2004,Sep,2004,Hurricane (Typhoon),0,100000,FL,1
9/15/2004,Sep,2004,Hurricane (Typhoon),0,150000,FL,1
9/15/2004,Sep,2004,Hurricane (Typhoon),0,0,FL,1
9/15/2004,Sep,2004,Hurricane (Typhoon),0,20000000,FL,1
9/24/2004,Sep,2004,Hurricane (Typhoon),0,0,FL,1
9/24/2004,Sep,2004,Hurricane (Typhoon),0,5000,FL,1
9/24/2004,Sep,2004,Hurricane (Typhoon),0,0,FL,1
9/25/2004,Sep,2004,Hurricane (Typhoon),0,59500000,FL,1
9/25/2004,Sep,2004,Hurricane (Typhoon),0,260000000,FL,1
9/25/2004,Sep,2004,Hurricane (Typhoon),0,1000000,FL,1
9/25/2004,Sep,2004,Hurricane (Typhoon),0,2000000,FL,1
9/25/2004,Sep,2004,Hurricane (Typhoon),0,10000000,FL,1
9/25/2004,Sep,2004,Hurricane (Typhoon),0,50000000,FL,1
9/25/2004,Sep,2004,Hurricane (Typhoon),0,0,FL,1
9/25/2004,Sep,2004,Tropical Storm,0,0,FL,1
9/25/2004,Sep,2004,Tropical Storm,0,0,FL,1
9/25/2004,Sep,2004,Tropical Storm,0,0,FL,1
9/25/2004,Sep,2004,Tropical Storm,0,0,FL,1
9/25/2004,Sep,2004,Tropical Storm,1,0,FL,1
9/25/2004,Sep,2004,Tropical Storm,0,0,FL,1
9/25/2004,Sep,2004,Tropical Storm,0,0,FL,1
9/25/2004,Sep,2004,Tropical Storm,0,0,FL,1
9/25/2004,Sep,2004,Tropical Storm,0,0,FL,1
9/25/2004,Sep,2004,Tropical Storm,0,0,FL,1
9/25/2004,Sep,2004,Tropical Storm,0,0,FL,1
9/25/2004,Sep,2004,Tropical Storm,0,0,FL,1
9/25/2004,Sep,2004,Tropical Storm,0,0,FL,1
9/25/2004,Sep,2004,Tropical Storm,0,0,FL,1
9/25/2004,Sep,2004,Tropical Storm,0,0,FL,1
9/25/2004,Sep,2004,Hurricane (Typhoon),0,0,FL,1
9/25/2004,Sep,2004,Hurricane (Typhoon),0,0,FL,1
9/25/2004,Sep,2004,Hurricane (Typhoon),0,0,FL,1
9/25/2004,Sep,2004,Tropical Storm,0,6400000,FL,1
9/25/2004,Sep,2004,Hurricane (Typhoon),0,320400000,FL,1
9/25/2004,Sep,2004,Tropical Storm,0,2300000,FL,1
9/25/2004,Sep,2004,Tropical Storm,0,10400000,FL,1
9/25/2004,Sep,2004,Tropical Storm,0,1900000,FL,1
9/25/2004,Sep,2004,Tropical Storm,0,1700000,FL,1
9/26/2004,Sep,2004,Tropical Storm,0,1100000,FL,1
9/26/2004,Sep,2004,Tropical Storm,0,10800000,FL,1
9/26/2004,Sep,2004,Tropical Storm,0,45000000,FL,1
9/26/2004,Sep,2004,Tropical Storm,0,21200000,FL,1
6/9/2005,Jun,2005,Tropical Storm,0,0,FL,1
6/9/2005,Jun,2005,Tropical Storm,0,50000,FL,1
6/9/2005,Jun,2005,Tropical Storm,0,0,FL,1
6/10/2005,Jun,2005,Tropical Storm,0,3500000,FL,1
6/10/2005,Jun,2005,Tropical Storm,0,0,FL,1
6/10/2005,Jun,2005,Tropical Storm,0,0,FL,1
6/10/2005,Jun,2005,Tropical Storm,0,0,FL,1
6/10/2005,Jun,2005,Tropical Storm,0,0,FL,1
6/10/2005,Jun,2005,Tropical Storm,0,0,FL,1
6/10/2005,Jun,2005,Tropical Storm,0,40000,FL,1
6/10/2005,Jun,2005,Tropical Storm,0,0,FL,1
6/10/2005,Jun,2005,Tropical Storm,0,25000,FL,1
6/10/2005,Jun,2005,Tropical Storm,0,0,FL,1
6/10/2005,Jun,2005,Tropical Storm,0,0,FL,1
6/10/2005,Jun,2005,Tropical Storm,0,0,FL,1
6/10/2005,Jun,2005,Tropical Storm,0,25000,FL,1
6/10/2005,Jun,2005,Tropical Storm,0,0,FL,1
6/10/2005,Jun,2005,Tropical Storm,0,0,FL,1
6/10/2005,Jun,2005,Tropical Storm,0,0,FL,1
6/10/2005,Jun,2005,Tropical Storm,0,0,FL,1
6/10/2005,Jun,2005,Tropical Storm,0,25000,FL,1
6/10/2005,Jun,2005,Tropical Storm,0,50000,FL,1
6/10/2005,Jun,2005,Tropical Storm,0,0,FL,1
6/10/2005,Jun,2005,Tropical Storm,0,25000,FL,1
6/10/2005,Jun,2005,Tropical Storm,0,0,FL,1
6/10/2005,Jun,2005,Tropical Storm,0,0,FL,1
6/10/2005,Jun,2005,Tropical Storm,0,0,FL,1
6/10/2005,Jun,2005,Tropical Storm,0,0,FL,1
7/5/2005,Jul,2005,Tropical Storm,0,0,FL,1
7/5/2005,Jul,2005,Tropical Storm,0,0,FL,1
7/5/2005,Jul,2005,Tropical Storm,0,0,FL,1
7/5/2005,Jul,2005,Tropical Storm,0,0,FL,1
7/5/2005,Jul,2005,Tropical Storm,0,0,FL,1
7/5/2005,Jul,2005,Tropical Storm,0,150000,FL,1
7/5/2005,Jul,2005,Tropical Storm,0,0,FL,1
7/5/2005,Jul,2005,Tropical Storm,0,0,FL,1
7/5/2005,Jul,2005,Tropical Storm,0,150000,FL,1
7/8/2005,Jul,2005,Hurricane (Typhoon),0,0,FL,1
7/8/2005,Jul,2005,Hurricane (Typhoon),0,0,FL,1
7/8/2005,Jul,2005,Hurricane (Typhoon),0,0,FL,1
7/8/2005,Jul,2005,Hurricane (Typhoon),1,0,FL,1
7/8/2005,Jul,2005,Hurricane (Typhoon),0,6800000,FL,1
7/8/2005,Jul,2005,Hurricane (Typhoon),1,250000,FL,1
7/8/2005,Jul,2005,Hurricane (Typhoon),0,100000,FL,1
7/9/2005,Jul,2005,Hurricane (Typhoon),0,0,FL,1
7/9/2005,Jul,2005,Hurricane (Typhoon),0,0,FL,1
7/9/2005,Jul,2005,Hurricane (Typhoon),0,0,FL,1
7/9/2005,Jul,2005,Hurricane (Typhoon),0,0,FL,1
7/9/2005,Jul,2005,Hurricane (Typhoon),0,0,FL,1
7/9/2005,Jul,2005,Hurricane (Typhoon),0,1500000000,FL,1
7/9/2005,Jul,2005,Tropical Storm,0,20000,FL,1
7/9/2005,Jul,2005,Tropical Storm,0,0,FL,1
7/9/2005,Jul,2005,Tropical Storm,0,0,FL,1
7/9/2005,Jul,2005,Tropical Storm,0,0,FL,1
7/9/2005,Jul,2005,Tropical Storm,0,10000,FL,1
7/9/2005,Jul,2005,Tropical Storm,0,2000,FL,1
7/9/2005,Jul,2005,Hurricane (Typhoon),0,4000000,FL,1
7/9/2005,Jul,2005,Hurricane (Typhoon),0,2000000,FL,1
7/9/2005,Jul,2005,Hurricane (Typhoon),0,200000,FL,1
7/9/2005,Jul,2005,Hurricane (Typhoon),0,200000,FL,1
7/9/2005,Jul,2005,Hurricane (Typhoon),0,10000000,FL,1
7/9/2005,Jul,2005,Hurricane (Typhoon),0,200000,FL,1
7/9/2005,Jul,2005,Hurricane (Typhoon),0,1000000,FL,1
7/9/2005,Jul,2005,Hurricane (Typhoon),0,750000,FL,1
7/9/2005,Jul,2005,Hurricane (Typhoon),0,3000000,FL,1
7/9/2005,Jul,2005,Hurricane (Typhoon),0,500000,FL,1
7/9/2005,Jul,2005,Hurricane (Typhoon),0,600000,FL,1
7/9/2005,Jul,2005,Hurricane (Typhoon),0,1000000,FL,1
7/9/2005,Jul,2005,Hurricane (Typhoon),0,300000,FL,1
7/9/2005,Jul,2005,Hurricane (Typhoon),0,10000000,FL,1
7/9/2005,Jul,2005,Hurricane (Typhoon),0,9000000,FL,1
7/9/2005,Jul,2005,Hurricane (Typhoon),0,250000,FL,1
7/9/2005,Jul,2005,Hurricane (Typhoon),0,8000000,FL,1
7/9/2005,Jul,2005,Hurricane (Typhoon),0,11000000,FL,1
7/10/2005,Jul,2005,Hurricane (Typhoon),0,0,FL,1
7/10/2005,Jul,2005,Hurricane (Typhoon),0,0,FL,1
7/10/2005,Jul,2005,Hurricane (Typhoon),0,0,FL,1
7/10/2005,Jul,2005,Hurricane (Typhoon),0,0,FL,1
7/10/2005,Jul,2005,Hurricane (Typhoon),0,0,FL,1
7/10/2005,Jul,2005,Hurricane (Typhoon),0,0,FL,1
8/25/2005,Aug,2005,Hurricane (Typhoon),0,0,FL,1
8/25/2005,Aug,2005,Hurricane (Typhoon),6,64000000,FL,1
8/25/2005,Aug,2005,Hurricane (Typhoon),0,36000000,FL,1
8/26/2005,Aug,2005,Hurricane (Typhoon),0,1000000,FL,1
8/26/2005,Aug,2005,Hurricane (Typhoon),0,400000,FL,1
8/26/2005,Aug,2005,Hurricane (Typhoon),0,5500000,FL,1
8/27/2005,Aug,2005,Tropical Storm,0,0,FL,1
8/27/2005,Aug,2005,Tropical Storm,0,0,FL,1
8/27/2005,Aug,2005,Tropical Storm,0,0,FL,1
8/27/2005,Aug,2005,Tropical Storm,0,0,FL,1
8/27/2005,Aug,2005,Tropical Storm,0,0,FL,1
8/27/2005,Aug,2005,Tropical Storm,0,100000000,FL,1
8/28/2005,Aug,2005,Hurricane (Typhoon),0,200000,FL,1
8/28/2005,Aug,2005,Hurricane (Typhoon),0,0,FL,1
8/28/2005,Aug,2005,Hurricane (Typhoon),0,0,FL,1
8/28/2005,Aug,2005,Hurricane (Typhoon),0,200000,FL,1
8/28/2005,Aug,2005,Hurricane (Typhoon),0,300000,FL,1
8/28/2005,Aug,2005,Hurricane (Typhoon),0,250000,FL,1
8/28/2005,Aug,2005,Hurricane (Typhoon),0,750000,FL,1
9/20/2005,Sep,2005,Tropical Storm,0,0,FL,1
9/20/2005,Sep,2005,Tropical Storm,0,0,FL,1
9/20/2005,Sep,2005,Tropical Storm,0,0,FL,1
9/20/2005,Sep,2005,Hurricane (Typhoon),0,0,FL,1
9/20/2005,Sep,2005,Hurricane (Typhoon),0,0,FL,1
9/20/2005,Sep,2005,Hurricane (Typhoon),0,0,FL,1
10/5/2005,Oct,2005,Tropical Storm,0,0,FL,1
10/5/2005,Oct,2005,Tropical Storm,0,0,FL,1
10/5/2005,Oct,2005,Tropical Storm,0,0,FL,1
10/5/2005,Oct,2005,Tropical Storm,0,0,FL,1
10/23/2005,Oct,2005,Hurricane (Typhoon),0,33000000,FL,1
10/23/2005,Oct,2005,Hurricane (Typhoon),0,33000000,FL,1
10/23/2005,Oct,2005,Hurricane (Typhoon),0,33000000,FL,1
10/24/2005,Oct,2005,Hurricane (Typhoon),1,0,FL,1
10/24/2005,Oct,2005,Hurricane (Typhoon),0,101000000,FL,1
10/24/2005,Oct,2005,Tropical Storm,0,4800000,FL,1
10/24/2005,Oct,2005,Hurricane (Typhoon),2,0,FL,1
10/24/2005,Oct,2005,Tropical Storm,0,31000,FL,1
10/24/2005,Oct,2005,Hurricane (Typhoon),1,0,FL,1
10/24/2005,Oct,2005,Tropical Storm,0,5900000,FL,1
10/24/2005,Oct,2005,Tropical Storm,0,75000,FL,1
10/24/2005,Oct,2005,Tropical Storm,0,529000,FL,1
10/24/2005,Oct,2005,Tropical Storm,0,175000,FL,1
10/24/2005,Oct,2005,Hurricane (Typhoon),1,10000000000,FL,1
10/24/2005,Oct,2005,Tropical Storm,0,850000,FL,1
10/24/2005,Oct,2005,Tropical Storm,0,563000,FL,1
10/24/2005,Oct,2005,Tropical Storm,0,314000,FL,1
10/24/2005,Oct,2005,Tropical Storm,0,405000,FL,1
10/24/2005,Oct,2005,Tropical Storm,0,9000,FL,1
10/24/2005,Oct,2005,Tropical Storm,0,34000,FL,1
10/24/2005,Oct,2005,Tropical Storm,0,127000,FL,1
10/24/2005,Oct,2005,Tropical Storm,0,191000,FL,1
10/24/2005,Oct,2005,Tropical Storm,0,1600000,FL,1
10/24/2005,Oct,2005,Tropical Storm,0,0,FL,1
10/24/2005,Oct,2005,Tropical Storm,0,0,FL,1
6/11/2006,Jun,2006,Tropical Storm,0,0,FL,1
6/12/2006,Jun,2006,Tropical Storm,0,0,FL,1
6/12/2006,Jun,2006,Tropical Storm,0,0,FL,1
6/12/2006,Jun,2006,Tropical Storm,0,100000,FL,1
6/12/2006,Jun,2006,Tropical Storm,0,0,FL,1
6/12/2006,Jun,2006,Tropical Storm,0,20000,FL,1
6/12/2006,Jun,2006,Tropical Storm,0,0,FL,1
6/12/2006,Jun,2006,Tropical Storm,0,0,FL,1
6/12/2006,Jun,2006,Tropical Storm,0,100000,FL,1
6/12/2006,Jun,2006,Tropical Storm,0,5000,FL,1
6/12/2006,Jun,2006,Tropical Storm,0,5000,FL,1
6/12/2006,Jun,2006,Tropical Storm,0,10000,FL,1
6/12/2006,Jun,2006,Tropical Storm,0,0,FL,1
6/12/2006,Jun,2006,Tropical Storm,0,0,FL,1
6/12/2006,Jun,2006,Tropical Storm,0,5000,FL,1
6/12/2006,Jun,2006,Tropical Storm,0,0,FL,1
6/12/2006,Jun,2006,Tropical Storm,0,0,FL,1
6/12/2006,Jun,2006,Tropical Storm,0,0,FL,1
6/12/2006,Jun,2006,Tropical Storm,0,5000,FL,1
6/13/2006,Jun,2006,Tropical Storm,0,40000,FL,1
6/13/2006,Jun,2006,Tropical Storm,0,0,FL,1
6/13/2006,Jun,2006,Tropical Storm,0,0,FL,1
6/13/2006,Jun,2006,Tropical Storm,0,0,FL,1
6/13/2006,Jun,2006,Tropical Storm,0,0,FL,1
6/13/2006,Jun,2006,Tropical Storm,0,0,FL,1
6/13/2006,Jun,2006,Tropical Storm,0,0,FL,1
6/13/2006,Jun,2006,Tropical Storm,0,0,FL,1
6/13/2006,Jun,2006,Tropical Storm,0,100000,FL,1
6/13/2006,Jun,2006,Tropical Storm,0,0,FL,1
6/13/2006,Jun,2006,Tropical Storm,0,0,FL,1
6/13/2006,Jun,2006,Tropical Storm,0,0,FL,1
6/13/2006,Jun,2006,Tropical Storm,0,0,FL,1
6/13/2006,Jun,2006,Tropical Storm,0,0,FL,1
6/13/2006,Jun,2006,Tropical Storm,0,0,FL,1
6/13/2006,Jun,2006,Tropical Storm,0,0,FL,1
6/13/2006,Jun,2006,Tropical Storm,0,0,FL,1
6/13/2006,Jun,2006,Tropical Storm,0,0,FL,1
6/13/2006,Jun,2006,Tropical Storm,0,0,FL,1
6/13/2006,Jun,2006,Tropical Storm,0,0,FL,1
6/13/2006,Jun,2006,Tropical Storm,0,0,FL,1
6/13/2006,Jun,2006,Tropical Storm,0,0,FL,1
6/13/2006,Jun,2006,Tropical Storm,0,0,FL,1
6/13/2006,Jun,2006,Tropical Storm,0,0,FL,1
8/29/2006,Aug,2006,Tropical Storm,0,0,FL,1
8/29/2006,Aug,2006,Tropical Storm,0,0,FL,1
8/29/2006,Aug,2006,Tropical Storm,0,0,FL,1
8/29/2006,Aug,2006,Tropical Storm,0,0,FL,1
8/29/2006,Aug,2006,Tropical Storm,0,0,FL,1
8/29/2006,Aug,2006,Tropical Storm,0,0,FL,1
8/29/2006,Aug,2006,Tropical Storm,0,0,FL,1
8/30/2006,Aug,2006,Tropical Storm,0,0,FL,1
8/30/2006,Aug,2006,Tropical Storm,0,0,FL,1
8/30/2006,Aug,2006,Tropical Storm,0,0,FL,1
8/30/2006,Aug,2006,Tropical Storm,0,0,FL,1
8/30/2006,Aug,2006,Tropical Storm,0,0,FL,1
8/30/2006,Aug,2006,Tropical Storm,0,200,FL,1
5/9/2007,May,2007,Tropical Storm,0,0,FL,1
5/9/2007,May,2007,Tropical Storm,0,0,FL,1
5/9/2007,May,2007,Tropical Storm,0,0,FL,1
5/9/2007,May,2007,Tropical Storm,0,0,FL,1
6/1/2007,Jun,2007,Tropical Storm,0,0,FL,1
6/1/2007,Jun,2007,Tropical Storm,0,0,FL,1
6/1/2007,Jun,2007,Tropical Storm,0,0,FL,1
6/1/2007,Jun,2007,Tropical Storm,0,1000,FL,1
6/1/2007,Jun,2007,Tropical Storm,0,0,FL,1
6/2/2007,Jun,2007,Tropical Storm,0,0,FL,1
6/2/2007,Jun,2007,Tropical Storm,0,0,FL,1
6/2/2007,Jun,2007,Tropical Storm,0,0,FL,1
6/2/2007,Jun,2007,Tropical Storm,0,40000,FL,1
6/2/2007,Jun,2007,Tropical Storm,0,0,FL,1
6/2/2007,Jun,2007,Tropical Storm,0,0,FL,1
10/30/2007,Oct,2007,Tropical Storm,0,0,FL,1
8/17/2008,Aug,2008,Tropical Storm,0,2800000,FL,1
8/17/2008,Aug,2008,Tropical Storm,0,2800000,FL,1
8/17/2008,Aug,2008,Tropical Storm,0,2800000,FL,1
8/18/2008,Aug,2008,Tropical Storm,0,0,FL,1
8/18/2008,Aug,2008,Tropical Storm,0,0,FL,1
8/18/2008,Aug,2008,Tropical Storm,0,0,FL,1
8/18/2008,Aug,2008,Tropical Storm,0,15000,FL,1
8/18/2008,Aug,2008,Tropical Storm,0,10000,FL,1
8/18/2008,Aug,2008,Tropical Storm,0,0,FL,1
8/18/2008,Aug,2008,Tropical Storm,0,0,FL,1
8/18/2008,Aug,2008,Tropical Storm,0,0,FL,1
8/18/2008,Aug,2008,Tropical Storm,0,20000,FL,1
8/18/2008,Aug,2008,Tropical Storm,0,0,FL,1
8/18/2008,Aug,2008,Tropical Storm,0,584000,FL,1
8/18/2008,Aug,2008,Tropical Storm,0,1500000,FL,1
8/18/2008,Aug,2008,Tropical Storm,0,15000,FL,1
8/18/2008,Aug,2008,Tropical Storm,0,0,FL,1
8/18/2008,Aug,2008,Tropical Storm,0,120000,FL,1
8/19/2008,Aug,2008,Tropical Storm,0,250000,FL,1
8/19/2008,Aug,2008,Tropical Storm,0,0,FL,1
8/19/2008,Aug,2008,Tropical Storm,0,175000,FL,1
8/19/2008,Aug,2008,Tropical Storm,0,0,FL,1
8/19/2008,Aug,2008,Tropical Storm,0,10000,FL,1
8/19/2008,Aug,2008,Tropical Storm,0,99000,FL,1
8/19/2008,Aug,2008,Tropical Storm,0,0,FL,1
8/19/2008,Aug,2008,Tropical Storm,0,99000,FL,1
8/19/2008,Aug,2008,Tropical Storm,0,0,FL,1
8/19/2008,Aug,2008,Tropical Storm,0,77000,FL,1
8/19/2008,Aug,2008,Tropical Storm,0,0,FL,1
8/21/2008,Aug,2008,Tropical Storm,0,20000,FL,1
8/21/2008,Aug,2008,Tropical Storm,0,15000,FL,1
8/21/2008,Aug,2008,Tropical Storm,1,0,FL,1
8/21/2008,Aug,2008,Tropical Storm,0,0,FL,1
8/21/2008,Aug,2008,Tropical Storm,0,0,FL,1
8/21/2008,Aug,2008,Tropical Storm,0,0,FL,1
8/21/2008,Aug,2008,Tropical Storm,0,0,FL,1
8/21/2008,Aug,2008,Tropical Storm,0,0,FL,1
8/21/2008,Aug,2008,Tropical Storm,0,0,FL,1
8/21/2008,Aug,2008,Tropical Storm,0,0,FL,1
8/21/2008,Aug,2008,Tropical Storm,0,0,FL,1
8/21/2008,Aug,2008,Tropical Storm,0,0,FL,1
8/21/2008,Aug,2008,Tropical Storm,0,0,FL,1
8/21/2008,Aug,2008,Tropical Storm,0,0,FL,1
8/21/2008,Aug,2008,Tropical Storm,0,0,FL,1
8/21/2008,Aug,2008,Tropical Storm,0,0,FL,1
8/21/2008,Aug,2008,Tropical Storm,0,0,FL,1
8/21/2008,Aug,2008,Tropical Storm,0,0,FL,1
8/21/2008,Aug,2008,Tropical Storm,0,0,FL,1
8/21/2008,Aug,2008,Tropical Storm,0,0,FL,1
8/22/2008,Aug,2008,Tropical Storm,0,0,FL,1
8/22/2008,Aug,2008,Tropical Storm,0,200000,FL,1
8/22/2008,Aug,2008,Tropical Storm,0,1500000,FL,1
8/22/2008,Aug,2008,Tropical Storm,0,15000,FL,1
8/22/2008,Aug,2008,Tropical Storm,1,3000000,FL,1
8/22/2008,Aug,2008,Tropical Storm,0,25000,FL,1
8/22/2008,Aug,2008,Tropical Storm,0,2250000,FL,1
8/22/2008,Aug,2008,Tropical Storm,0,35000000,FL,1
8/22/2008,Aug,2008,Tropical Storm,0,550000,FL,1
8/22/2008,Aug,2008,Tropical Storm,0,5000000,FL,1
8/22/2008,Aug,2008,Tropical Storm,0,175000,FL,1
8/22/2008,Aug,2008,Tropical Storm,0,50000,FL,1
8/22/2008,Aug,2008,Tropical Storm,0,15000,FL,1
8/22/2008,Aug,2008,Tropical Storm,0,15000,FL,1
8/22/2008,Aug,2008,Tropical Storm,0,75000,FL,1
8/22/2008,Aug,2008,Tropical Storm,0,15000,FL,1
8/22/2008,Aug,2008,Tropical Storm,0,15000,FL,1
8/22/2008,Aug,2008,Tropical Storm,0,850000,FL,1
8/22/2008,Aug,2008,Tropical Storm,0,750000,FL,1
8/30/2008,Aug,2008,Tropical Storm,1,0,FL,1
8/30/2008,Aug,2008,Tropical Storm,0,0,FL,1
9/1/2008,Sep,2008,Tropical Storm,0,0,FL,1
9/1/2008,Sep,2008,Tropical Storm,0,0,FL,1
9/1/2008,Sep,2008,Tropical Storm,0,0,FL,1
9/8/2008,Sep,2008,Tropical Storm,0,0,FL,1
9/8/2008,Sep,2008,Tropical Storm,0,0,FL,1
9/8/2008,Sep,2008,Tropical Storm,0,0,FL,1
9/8/2008,Sep,2008,Tropical Storm,0,0,FL,1
9/9/2008,Sep,2008,Tropical Storm,0,0,FL,1
9/9/2008,Sep,2008,Tropical Storm,0,13500000,FL,1
9/9/2008,Sep,2008,Tropical Storm,0,12500000,FL,1
8/16/2009,Aug,2009,Tropical Storm,0,50000,FL,1
8/16/2009,Aug,2009,Tropical Storm,0,25000,FL,1
8/16/2009,Aug,2009,Tropical Storm,1,0,FL,1
8/16/2009,Aug,2009,Tropical Storm,0,100000,FL,1
8/16/2009,Aug,2009,Tropical Storm,0,25000,FL,1
11/9/2009,Nov,2009,Tropical Storm,0,100000,FL,1
11/9/2009,Nov,2009,Tropical Storm,0,25000,FL,1
11/9/2009,Nov,2009,Tropical Storm,0,75000,FL,1
11/9/2009,Nov,2009,Tropical Storm,0,200000,FL,1
11/9/2009,Nov,2009,Tropical Storm,0,125000,FL,1
11/9/2009,Nov,2009,Tropical Storm,0,75000,FL,1
7/23/2010,Jul,2010,Tropical Storm,0,2000,FL,1
8/25/2011,Aug,2011,Tropical Storm,0,0,FL,1
8/25/2011,Aug,2011,Tropical Storm,0,0,FL,1
8/25/2011,Aug,2011,Tropical Storm,0,0,FL,1
8/26/2011,Aug,2011,Tropical Storm,0,0,FL,1
5/27/2012,May,2012,Tropical Storm,0,0,FL,1
5/27/2012,May,2012,Tropical Storm,0,0,FL,1
5/27/2012,May,2012,Tropical Storm,0,0,FL,1
5/28/2012,May,2012,Tropical Storm,0,0,FL,1
5/28/2012,May,2012,Tropical Storm,0,0,FL,1
5/28/2012,May,2012,Tropical Storm,0,0,FL,1
6/24/2012,Jun,2012,Tropical Storm,0,175000,FL,1
6/24/2012,Jun,2012,Tropical Storm,0,4000,FL,1
6/24/2012,Jun,2012,Tropical Storm,0,4000,FL,1
6/24/2012,Jun,2012,Tropical Storm,0,4000,FL,1
6/24/2012,Jun,2012,Tropical Storm,0,4000,FL,1
6/24/2012,Jun,2012,Tropical Storm,0,4000,FL,1
6/24/2012,Jun,2012,Tropical Storm,0,4000,FL,1
6/24/2012,Jun,2012,Tropical Storm,0,4000,FL,1
6/24/2012,Jun,2012,Tropical Storm,0,4000,FL,1
6/24/2012,Jun,2012,Tropical Storm,0,4000,FL,1
6/24/2012,Jun,2012,Tropical Storm,0,5000,FL,1
6/24/2012,Jun,2012,Tropical Storm,0,10000,FL,1
6/24/2012,Jun,2012,Tropical Storm,0,5000,FL,1
6/24/2012,Jun,2012,Tropical Storm,0,10000,FL,1
6/24/2012,Jun,2012,Tropical Storm,0,4000,FL,1
6/24/2012,Jun,2012,Tropical Storm,0,4000,FL,1
6/24/2012,Jun,2012,Tropical Storm,0,4000,FL,1
6/24/2012,Jun,2012,Tropical Storm,0,0,FL,1
6/24/2012,Jun,2012,Tropical Storm,0,0,FL,1
6/24/2012,Jun,2012,Tropical Storm,0,0,FL,1
8/25/2012,Aug,2012,Tropical Storm,0,775000,FL,1
8/25/2012,Aug,2012,Tropical Storm,0,770000,FL,1
8/25/2012,Aug,2012,Tropical Storm,0,625000,FL,1
8/26/2012,Aug,2012,Tropical Storm,0,0,FL,1
8/26/2012,Aug,2012,Tropical Storm,0,350000,FL,1
8/26/2012,Aug,2012,Tropical Storm,0,0,FL,1
8/26/2012,Aug,2012,Tropical Storm,0,0,FL,1
8/26/2012,Aug,2012,Tropical Storm,0,0,FL,1
8/26/2012,Aug,2012,Tropical Storm,0,100000,FL,1
8/26/2012,Aug,2012,Tropical Storm,0,0,FL,1
8/26/2012,Aug,2012,Tropical Storm,0,0,FL,1
8/26/2012,Aug,2012,Tropical Storm,0,300000,FL,1
8/27/2012,Aug,2012,Tropical Storm,0,0,FL,1
8/27/2012,Aug,2012,Tropical Storm,0,0,FL,1
8/27/2012,Aug,2012,Tropical Storm,0,0,FL,1
8/27/2012,Aug,2012,Tropical Storm,0,0,FL,1
8/27/2012,Aug,2012,Tropical Storm,0,0,FL,1
8/28/2012,Aug,2012,Tropical Storm,1,0,FL,1
8/28/2012,Aug,2012,Tropical Storm,1,0,FL,1
8/28/2012,Aug,2012,Tropical Storm,1,0,FL,1
10/24/2012,Oct,2012,Tropical Storm,0,1000,FL,1
10/24/2012,Oct,2012,Tropical Storm,0,1000,FL,1
10/25/2012,Oct,2012,Tropical Storm,0,0,FL,1
10/25/2012,Oct,2012,Tropical Storm,0,2000,FL,1
10/25/2012,Oct,2012,Tropical Storm,0,0,FL,1
10/25/2012,Oct,2012,Tropical Storm,0,0,FL,1
10/26/2012,Oct,2012,Tropical Storm,0,0,FL,1
10/26/2012,Oct,2012,Tropical Storm,0,0,FL,1
10/26/2012,Oct,2012,Tropical Storm,0,0,FL,1
10/26/2012,Oct,2012,Tropical Storm,0,0,FL,1
10/26/2012,Oct,2012,Tropical Storm,0,0,FL,1
10/26/2012,Oct,2012,Tropical Storm,0,0,FL,1
10/26/2012,Oct,2012,Tropical Storm,0,0,FL,1
6/6/2013,Jun,2013,Tropical Storm,0,0,FL,1
6/6/2013,Jun,2013,Tropical Storm,0,0,FL,1
6/6/2013,Jun,2013,Tropical Storm,0,0,FL,1
6/6/2013,Jun,2013,Tropical Storm,0,0,FL,1
6/6/2013,Jun,2013,Tropical Storm,0,0,FL,1
6/6/2013,Jun,2013,Tropical Storm,0,0,FL,1
6/6/2013,Jun,2013,Tropical Storm,0,0,FL,1
6/6/2013,Jun,2013,Tropical Storm,0,0,FL,1
6/6/2016,Jun,2016,Tropical Storm,0,15000,FL,1
6/6/2016,Jun,2016,Tropical Storm,0,50000,FL,1
6/6/2016,Jun,2016,Tropical Storm,0,5000,FL,1
6/6/2016,Jun,2016,Tropical Storm,0,7000,FL,1
6/6/2016,Jun,2016,Tropical Storm,0,7000,FL,1
6/6/2016,Jun,2016,Tropical Storm,0,0,FL,1
6/6/2016,Jun,2016,Tropical Storm,0,20000,FL,1
6/6/2016,Jun,2016,Tropical Storm,0,0,FL,1
6/6/2016,Jun,2016,Tropical Storm,0,0,FL,1
6/6/2016,Jun,2016,Tropical Storm,0,0,FL,1
6/6/2016,Jun,2016,Tropical Storm,0,0,FL,1
6/6/2016,Jun,2016,Tropical Storm,0,5000,FL,1
6/6/2016,Jun,2016,Tropical Storm,0,0,FL,1
6/6/2016,Jun,2016,Tropical Storm,0,5000,FL,1
6/6/2016,Jun,2016,Tropical Storm,0,0,FL,1
6/6/2016,Jun,2016,Tropical Storm,0,0,FL,1
6/6/2016,Jun,2016,Tropical Storm,0,0,FL,1
6/6/2016,Jun,2016,Tropical Storm,0,0,FL,1
6/6/2016,Jun,2016,Tropical Storm,0,0,FL,1
6/6/2016,Jun,2016,Tropical Storm,0,0,FL,1
6/6/2016,Jun,2016,Tropical Storm,0,0,FL,1
6/6/2016,Jun,2016,Tropical Storm,0,0,FL,1
6/6/2016,Jun,2016,Tropical Storm,0,0,FL,1
6/6/2016,Jun,2016,Tropical Storm,0,0,FL,1
6/6/2016,Jun,2016,Tropical Storm,0,0,FL,1
6/6/2016,Jun,2016,Tropical Storm,0,0,FL,1
6/6/2016,Jun,2016,Tropical Storm,0,0,FL,1
9/1/2016,Sep,2016,Tropical Storm,0,0,FL,1
9/1/2016,Sep,2016,Tropical Storm,0,0,FL,1
9/1/2016,Sep,2016,Tropical Storm,0,0,FL,1
9/1/2016,Sep,2016,Tropical Storm,0,0,FL,1
9/1/2016,Sep,2016,Tropical Storm,0,0,FL,1
9/1/2016,Sep,2016,Tropical Storm,0,0,FL,1
9/1/2016,Sep,2016,Tropical Storm,0,0,FL,1
9/1/2016,Sep,2016,Tropical Storm,0,0,FL,1
9/1/2016,Sep,2016,Tropical Storm,0,0,FL,1
9/1/2016,Sep,2016,Tropical Storm,0,0,FL,1
9/1/2016,Sep,2016,Tropical Storm,0,0,FL,1
9/1/2016,Sep,2016,Tropical Storm,0,0,FL,1
9/1/2016,Sep,2016,Tropical Storm,0,0,FL,1
9/1/2016,Sep,2016,Tropical Storm,0,0,FL,1
9/1/2016,Sep,2016,Tropical Storm,0,1000000,FL,1
9/1/2016,Sep,2016,Tropical Storm,0,500000,FL,1
9/1/2016,Sep,2016,Tropical Storm,0,500000,FL,1
9/1/2016,Sep,2016,Tropical Storm,0,800000,FL,1
9/1/2016,Sep,2016,Tropical Storm,0,0,FL,1
9/1/2016,Sep,2016,Tropical Storm,0,0,FL,1
9/1/2016,Sep,2016,Tropical Storm,0,0,FL,1
9/1/2016,Sep,2016,Tropical Storm,0,0,FL,1
9/1/2016,Sep,2016,Tropical Storm,0,10000,FL,1
9/1/2016,Sep,2016,Tropical Storm,0,0,FL,1
9/1/2016,Sep,2016,Tropical Storm,0,0,FL,1
9/1/2016,Sep,2016,Tropical Storm,0,0,FL,1
9/1/2016,Sep,2016,Tropical Storm,0,400000,FL,1
9/1/2016,Sep,2016,Tropical Storm,0,10000,FL,1
9/1/2016,Sep,2016,Tropical Storm,0,0,FL,1
9/1/2016,Sep,2016,Tropical Storm,0,0,FL,1
9/1/2016,Sep,2016,Hurricane (Typhoon),0,453000,FL,1
9/1/2016,Sep,2016,Hurricane (Typhoon),0,453000,FL,1
9/1/2016,Sep,2016,Hurricane (Typhoon),0,682000,FL,1
9/1/2016,Sep,2016,Hurricane (Typhoon),0,0,FL,1
9/1/2016,Sep,2016,Hurricane (Typhoon),0,600000,FL,1
9/1/2016,Sep,2016,Hurricane (Typhoon),0,600000,FL,1
9/1/2016,Sep,2016,Hurricane (Typhoon),0,0,FL,1
9/1/2016,Sep,2016,Hurricane (Typhoon),0,704000,FL,1
9/1/2016,Sep,2016,Tropical Storm,0,0,FL,1
9/1/2016,Sep,2016,Tropical Storm,0,0,FL,1
9/1/2016,Sep,2016,Tropical Storm,0,1630000,FL,1
9/1/2016,Sep,2016,Tropical Storm,0,1630000,FL,1
9/1/2016,Sep,2016,Tropical Storm,0,111000,FL,1
9/1/2016,Sep,2016,Tropical Storm,0,0,FL,1
9/1/2016,Sep,2016,Tropical Storm,0,723000,FL,1
9/1/2016,Sep,2016,Tropical Storm,0,0,FL,1
9/1/2016,Sep,2016,Tropical Storm,0,30000000,FL,1
9/1/2016,Sep,2016,Tropical Storm,0,0,FL,1
9/2/2016,Sep,2016,Tropical Storm,0,0,FL,1
9/13/2016,Sep,2016,Tropical Storm,0,0,FL,1
9/13/2016,Sep,2016,Tropical Storm,0,0,FL,1
9/13/2016,Sep,2016,Tropical Storm,0,0,FL,1
9/13/2016,Sep,2016,Tropical Storm,0,0,FL,1
9/13/2016,Sep,2016,Tropical Storm,0,0,FL,1
9/13/2016,Sep,2016,Tropical Storm,0,0,FL,1
10/6/2016,Oct,2016,Tropical Storm,0,0,FL,1
10/6/2016,Oct,2016,Tropical Storm,0,10000000,FL,1
10/6/2016,Oct,2016,Tropical Storm,0,0,FL,1
10/6/2016,Oct,2016,Tropical Storm,0,0,FL,1
10/6/2016,Oct,2016,Tropical Storm,1,0,FL,1
10/6/2016,Oct,2016,Tropical Storm,0,0,FL,1
10/6/2016,Oct,2016,Tropical Storm,0,0,FL,1
10/6/2016,Oct,2016,Tropical Storm,0,0,FL,1
10/6/2016,Oct,2016,Tropical Storm,0,73000000,FL,1
10/6/2016,Oct,2016,Tropical Storm,0,0,FL,1
10/6/2016,Oct,2016,Tropical Storm,0,0,FL,1
10/6/2016,Oct,2016,Tropical Storm,0,2000000000,FL,1
10/6/2016,Oct,2016,Tropical Storm,0,1330000,FL,1
10/6/2016,Oct,2016,Tropical Storm,0,0,FL,1
10/6/2016,Oct,2016,Tropical Storm,0,0,FL,1
10/6/2016,Oct,2016,Tropical Storm,0,0,FL,1
10/6/2016,Oct,2016,Tropical Storm,0,0,FL,1
10/6/2016,Oct,2016,Tropical Storm,0,0,FL,1
10/6/2016,Oct,2016,Tropical Storm,0,0,FL,1
10/6/2016,Oct,2016,Tropical Storm,0,175000,FL,1
10/6/2016,Oct,2016,Tropical Storm,0,0,FL,1
10/7/2016,Oct,2016,Tropical Storm,0,0,FL,1
10/7/2016,Oct,2016,Tropical Storm,0,0,FL,1
10/7/2016,Oct,2016,Tropical Storm,0,0,FL,1
10/7/2016,Oct,2016,Tropical Storm,0,0,FL,1
10/7/2016,Oct,2016,Tropical Storm,0,0,FL,1
10/7/2016,Oct,2016,Tropical Storm,0,0,FL,1
10/7/2016,Oct,2016,Tropical Storm,0,0,FL,1
10/7/2016,Oct,2016,Tropical Storm,0,0,FL,1
10/7/2016,Oct,2016,Tropical Storm,0,35000,FL,1
10/7/2016,Oct,2016,Tropical Storm,0,0,FL,1
10/7/2016,Oct,2016,Tropical Storm,0,5000,FL,1
10/7/2016,Oct,2016,Tropical Storm,0,10000,FL,1
7/31/2017,Jul,2017,Tropical Storm,0,0,FL,1
7/31/2017,Jul,2017,Tropical Storm,0,0,FL,1
7/31/2017,Jul,2017,Tropical Storm,0,0,FL,1
7/31/2017,Jul,2017,Tropical Storm,0,150000,FL,1
7/31/2017,Jul,2017,Tropical Storm,0,0,FL,1
7/31/2017,Jul,2017,Tropical Storm,0,0,FL,1
9/9/2017,Sep,2017,Tropical Storm,0,0,FL,1
9/9/2017,Sep,2017,Tropical Storm,0,0,FL,1
9/9/2017,Sep,2017,Tropical Storm,0,0,FL,1
9/9/2017,Sep,2017,Tropical Storm,1,0,FL,1
9/9/2017,Sep,2017,Tropical Storm,0,300000000,FL,1
9/9/2017,Sep,2017,Tropical Storm,0,0,FL,1
9/9/2017,Sep,2017,Tropical Storm,0,0,FL,1
9/10/2017,Sep,2017,Tropical Storm,0,0,FL,1
9/10/2017,Sep,2017,Tropical Storm,0,0,FL,1
9/10/2017,Sep,2017,Tropical Storm,0,0,FL,1
9/10/2017,Sep,2017,Tropical Storm,0,0,FL,1
9/10/2017,Sep,2017,Tropical Storm,0,0,FL,1
9/10/2017,Sep,2017,Tropical Storm,0,0,FL,1
9/10/2017,Sep,2017,Tropical Storm,0,25000000,FL,1
9/10/2017,Sep,2017,Tropical Storm,0,0,FL,1
9/10/2017,Sep,2017,Tropical Storm,0,0,FL,1
9/10/2017,Sep,2017,Tropical Storm,0,0,FL,1
9/10/2017,Sep,2017,Tropical Storm,0,0,FL,1
9/10/2017,Sep,2017,Tropical Storm,0,0,FL,1
9/10/2017,Sep,2017,Tropical Storm,0,4000000,FL,1
9/10/2017,Sep,2017,Tropical Storm,0,0,FL,1
9/10/2017,Sep,2017,Tropical Storm,0,0,FL,1
9/10/2017,Sep,2017,Tropical Storm,0,0,FL,1
9/10/2017,Sep,2017,Tropical Storm,0,0,FL,1
9/10/2017,Sep,2017,Tropical Storm,0,0,FL,1
9/10/2017,Sep,2017,Tropical Storm,0,332000000,FL,1
9/10/2017,Sep,2017,Tropical Storm,0,4300000,FL,1
9/10/2017,Sep,2017,Tropical Storm,0,30000000,FL,1
9/10/2017,Sep,2017,Tropical Storm,0,1500000,FL,1
9/10/2017,Sep,2017,Tropical Storm,0,157000000,FL,1
9/10/2017,Sep,2017,Tropical Storm,0,100000000,FL,1
9/10/2017,Sep,2017,Tropical Storm,0,110000000,FL,1
9/10/2017,Sep,2017,Tropical Storm,0,543200000,FL,1
9/10/2017,Sep,2017,Tropical Storm,0,36500000,FL,1
9/10/2017,Sep,2017,Tropical Storm,0,3000000,FL,1
9/10/2017,Sep,2017,Tropical Storm,0,18880000,FL,1
9/10/2017,Sep,2017,Tropical Storm,0,500000,FL,1
9/10/2017,Sep,2017,Tropical Storm,0,0,FL,1
9/10/2017,Sep,2017,Tropical Storm,0,0,FL,1
9/10/2017,Sep,2017,Tropical Storm,0,1500000,FL,1
9/10/2017,Sep,2017,Tropical Storm,0,50000,FL,1
9/10/2017,Sep,2017,Tropical Storm,0,50000,FL,1
9/10/2017,Sep,2017,Tropical Storm,0,5000,FL,1
9/10/2017,Sep,2017,Tropical Storm,0,5000,FL,1
9/10/2017,Sep,2017,Tropical Storm,0,2000000,FL,1
9/10/2017,Sep,2017,Tropical Storm,0,7500000,FL,1
9/10/2017,Sep,2017,Tropical Storm,0,3000000,FL,1
9/10/2017,Sep,2017,Tropical Storm,0,250000,FL,1
9/10/2017,Sep,2017,Tropical Storm,0,1000000,FL,1
9/10/2017,Sep,2017,Tropical Storm,0,900000,FL,1
9/10/2017,Sep,2017,Tropical Storm,0,25000,FL,1
9/10/2017,Sep,2017,Tropical Storm,0,250000,FL,1
9/10/2017,Sep,2017,Tropical Storm,0,7000000,FL,1
9/10/2017,Sep,2017,Tropical Storm,0,37000,FL,1
9/10/2017,Sep,2017,Tropical Storm,0,50000,FL,1
9/10/2017,Sep,2017,Tropical Storm,0,50000,FL,1
9/10/2017,Sep,2017,Tropical Storm,0,1000000,FL,1
9/10/2017,Sep,2017,Tropical Storm,0,1500000,FL,1
9/10/2017,Sep,2017,Tropical Storm,0,100000,FL,1
9/10/2017,Sep,2017,Tropical Storm,0,25000,FL,1
9/10/2017,Sep,2017,Tropical Storm,0,750000,FL,1
9/10/2017,Sep,2017,Tropical Storm,0,500000,FL,1
9/10/2017,Sep,2017,Tropical Storm,0,38000,FL,1
9/10/2017,Sep,2017,Tropical Storm,0,5000,FL,1
9/10/2017,Sep,2017,Tropical Storm,0,50000,FL,1
9/10/2017,Sep,2017,Tropical Storm,0,600000,FL,1
9/10/2017,Sep,2017,Tropical Storm,0,0,FL,1
9/10/2017,Sep,2017,Tropical Storm,0,2950000,FL,1
9/10/2017,Sep,2017,Tropical Storm,0,2950000,FL,1
9/11/2017,Sep,2017,Tropical Storm,0,0,FL,1
9/11/2017,Sep,2017,Tropical Storm,0,130000,FL,1
9/11/2017,Sep,2017,Tropical Storm,0,130000,FL,1
10/7/2017,Oct,2017,Tropical Storm,0,0,FL,1
10/7/2017,Oct,2017,Tropical Storm,0,0,FL,1
10/7/2017,Oct,2017,Tropical Storm,0,0,FL,1
10/8/2017,Oct,2017,Tropical Storm,0,0,FL,1
10/8/2017,Oct,2017,Tropical Storm,0,10000,FL,1
10/8/2017,Oct,2017,Tropical Storm,0,10000,FL,1
10/8/2017,Oct,2017,Tropical Storm,0,10000,FL,1
10/8/2017,Oct,2017,Tropical Storm,0,10000,FL,1
10/8/2017,Oct,2017,Tropical Storm,0,10000,FL,1
10/8/2017,Oct,2017,Tropical Storm,0,10000,FL,1
10/8/2017,Oct,2017,Tropical Storm,0,10000,FL,1
5/27/2018,May,2018,Tropical Storm,0,0,FL,1
5/27/2018,May,2018,Tropical Storm,0,0,FL,1
5/28/2018,May,2018,Tropical Storm,0,0,FL,1
5/28/2018,May,2018,Tropical Storm,0,0,FL,1
5/28/2018,May,2018,Tropical Storm,0,0,FL,1
5/28/2018,May,2018,Tropical Storm,0,0,FL,1
5/28/2018,May,2018,Tropical Storm,0,0,FL,1
5/28/2018,May,2018,Tropical Storm,0,0,FL,1
5/28/2018,May,2018,Tropical Storm,0,0,FL,1
5/28/2018,May,2018,Tropical Storm,0,0,FL,1
5/28/2018,May,2018,Tropical Storm,0,0,FL,1
5/28/2018,May,2018,Tropical Storm,0,0,FL,1
5/28/2018,May,2018,Tropical Storm,0,0,FL,1
5/28/2018,May,2018,Tropical Storm,0,0,FL,1
5/28/2018,May,2018,Tropical Storm,0,0,FL,1
5/28/2018,May,2018,Tropical Storm,0,0,FL,1
9/2/2018,Sep,2018,Tropical Storm,0,0,FL,1
9/3/2018,Sep,2018,Tropical Storm,0,0,FL,1
9/3/2018,Sep,2018,Tropical Storm,0,0,FL,1
9/3/2018,Sep,2018,Tropical Storm,0,500,FL,1
9/3/2018,Sep,2018,Tropical Storm,0,0,FL,1
9/4/2018,Sep,2018,Tropical Storm,1,0,FL,1
10/10/2018,Oct,2018,Tropical Storm,0,33000,FL,1
10/10/2018,Oct,2018,Tropical Storm,0,50000,FL,1
10/10/2018,Oct,2018,Tropical Storm,0,50000,FL,1
10/10/2018,Oct,2018,Tropical Storm,0,100000,FL,1
10/10/2018,Oct,2018,Tropical Storm,0,50000,FL,1
10/10/2018,Oct,2018,Tropical Storm,0,50000,FL,1
10/10/2018,Oct,2018,Tropical Storm,0,100000,FL,1
10/10/2018,Oct,2018,Tropical Storm,0,10000,FL,1
10/10/2018,Oct,2018,Tropical Storm,0,90000,FL,1
10/10/2018,Oct,2018,Tropical Storm,0,250000,FL,1
10/10/2018,Oct,2018,Tropical Storm,0,33000,FL,1
10/10/2018,Oct,2018,Tropical Storm,0,33000,FL,1
10/10/2018,Oct,2018,Tropical Storm,0,0,FL,1
10/10/2018,Oct,2018,Tropical Storm,0,0,FL,1
9/1/2019,Sep,2019,Tropical Storm,0,0,FL,1
9/3/2019,Sep,2019,Tropical Storm,0,0,FL,1
9/3/2019,Sep,2019,Tropical Storm,0,0,FL,1
9/3/2019,Sep,2019,Tropical Storm,0,0,FL,1
9/4/2019,Sep,2019,Tropical Storm,0,0,FL,1
9/4/2019,Sep,2019,Tropical Storm,0,10000000,FL,1
9/4/2019,Sep,2019,Tropical Storm,0,0,FL,1
9/4/2019,Sep,2019,Tropical Storm,0,0,FL,1
10/19/2019,Oct,2019,Tropical Storm,0,0,FL,1
10/19/2019,Oct,2019,Tropical Storm,0,0,FL,1
10/19/2019,Oct,2019,Tropical Storm,0,0,FL,1
10/19/2019,Oct,2019,Tropical Storm,0,0,FL,1
10/19/2019,Oct,2019,Tropical Storm,0,0,FL,1
10/19/2019,Oct,2019,Tropical Storm,0,0,FL,1
10/19/2019,Oct,2019,Tropical Storm,0,0,FL,1
10/19/2019,Oct,2019,Tropical Storm,0,0,FL,1
10/19/2019,Oct,2019,Tropical Storm,0,0,FL,1
10/19/2019,Oct,2019,Tropical Storm,0,0,FL,1
10/19/2019,Oct,2019,Tropical Storm,0,0,FL,1
10/19/2019,Oct,2019,Tropical Storm,0,0,FL,1
10/19/2019,Oct,2019,Tropical Storm,0,0,FL,1
10/19/2019,Oct,2019,Tropical Storm,0,0,FL,1
10/19/2019,Oct,2019,Tropical Storm,0,0,FL,1
10/19/2019,Oct,2019,Tropical Storm,0,0,FL,1
10/19/2019,Oct,2019,Tropical Storm,0,0,FL,1
10/19/2019,Oct,2019,Tropical Storm,0,0,FL,1
10/19/2019,Oct,2019,Tropical Storm,0,0,FL,1
10/19/2019,Oct,2019,Tropical Storm,0,0,FL,1
10/19/2019,Oct,2019,Tropical Storm,0,0,FL,1
10/19/2019,Oct,2019,Tropical Storm,0,0,FL,1
10/19/2019,Oct,2019,Tropical Storm,0,0,FL,1
10/19/2019,Oct,2019,Tropical Storm,0,0,FL,1
10/19/2019,Oct,2019,Tropical Storm,0,0,FL,1
10/19/2019,Oct,2019,Tropical Storm,0,0,FL,1
