,Begin_Date,Begin_Month,Year,Event_Type,Deaths,Damage_Property,State,Total_Disaster
1143,4/28/1996,Apr,1996,Wildfire,0,0,California,1
1144,4/29/1996,Apr,1996,Wildfire,0,0,California,1
1145,5/1/1996,May,1996,Wildfire,0,0,California,1
1146,5/11/1996,May,1996,Wildfire,0,0,California,1
1147,8/14/1996,Aug,1996,Wildfire,0,0,California,1
1148,8/14/1996,Aug,1996,Wildfire,0,0,California,1
1149,10/7/1996,Oct,1996,Wildfire,0,0,California,1
1150,10/18/1996,Oct,1996,Wildfire,0,4500000,California,1
1151,10/21/1996,Oct,1996,Wildfire,0,12300000,California,1
1152,10/21/1996,Oct,1996,Wildfire,0,1500000,California,1
1153,10/21/1996,Oct,1996,Wildfire,0,3000000,California,1
1154,5/16/1997,May,1997,Wildfire,0,37400000,California,1
1155,5/27/1997,May,1997,Wildfire,0,0,California,1
1156,5/29/1997,May,1997,Wildfire,0,0,California,1
1157,6/29/1997,Jun,1997,Wildfire,0,150000,California,1
1158,6/29/1997,Jun,1997,Wildfire,0,0,California,1
1159,7/30/1997,Jul,1997,Wildfire,0,0,California,1
1160,8/1/1997,Aug,1997,Wildfire,0,2000000,California,1
1161,8/5/1997,Aug,1997,Wildfire,0,1750000,California,1
1162,8/6/1997,Aug,1997,Wildfire,0,5000000,California,1
1163,8/8/1997,Aug,1997,Wildfire,0,1900000,California,1
1164,8/19/1997,Aug,1997,Wildfire,0,3000000,California,1
1165,8/19/1997,Aug,1997,Wildfire,0,400000,California,1
1166,9/6/1997,Sep,1997,Wildfire,0,200000,California,1
1167,9/13/1997,Sep,1997,Wildfire,0,0,California,1
1168,9/24/1997,Sep,1997,Wildfire,0,250000,California,1
1169,9/24/1997,Sep,1997,Wildfire,0,940000,California,1
1170,9/24/1997,Sep,1997,Wildfire,0,215000,California,1
1171,9/25/1997,Sep,1997,Wildfire,0,750000,California,1
1172,9/27/1997,Sep,1997,Wildfire,0,300000,California,1
1173,10/13/1997,Oct,1997,Wildfire,0,15000000,California,1
1174,8/31/1998,Aug,1998,Wildfire,0,0,California,1
1175,8/31/1998,Aug,1998,Wildfire,0,1000000,California,1
1176,8/31/1998,Aug,1998,Wildfire,0,0,California,1
1177,8/31/1998,Aug,1998,Wildfire,0,4500000,California,1
1178,8/31/1998,Aug,1998,Wildfire,0,0,California,1
1179,9/1/1998,Sep,1998,Wildfire,0,0,California,1
1180,9/1/1998,Sep,1998,Wildfire,0,0,California,1
1181,10/16/1998,Oct,1998,Wildfire,0,0,California,1
1182,10/18/1998,Oct,1998,Wildfire,0,0,California,1
1183,10/20/1998,Oct,1998,Wildfire,0,400000,California,1
1184,10/20/1998,Oct,1998,Wildfire,0,200000,California,1
1185,10/21/1998,Oct,1998,Wildfire,0,365000,California,1
1186,12/9/1998,Dec,1998,Wildfire,0,348000,California,1
1187,12/9/1998,Dec,1998,Wildfire,0,0,California,1
1188,12/9/1998,Dec,1998,Wildfire,0,25000,California,1
1189,1/2/1999,Jan,1999,Wildfire,0,0,California,1
1190,1/3/1999,Jan,1999,Wildfire,0,0,California,1
1191,1/21/1999,Jan,1999,Wildfire,0,0,California,1
1192,2/11/1999,Feb,1999,Wildfire,0,400000,California,1
1193,3/14/1999,Mar,1999,Wildfire,0,60000,California,1
1194,5/23/1999,May,1999,Wildfire,0,0,California,1
1195,6/9/1999,Jun,1999,Wildfire,0,0,California,1
1196,6/27/1999,Jun,1999,Wildfire,0,150000,California,1
1197,6/29/1999,Jun,1999,Wildfire,0,0,California,1
1198,6/29/1999,Jun,1999,Wildfire,0,0,California,1
1199,7/6/1999,Jul,1999,Wildfire,0,200000,California,1
1200,7/12/1999,Jul,1999,Wildfire,0,100000,California,1
1201,7/18/1999,Jul,1999,Wildfire,0,0,California,1
1202,7/25/1999,Jul,1999,Wildfire,0,0,California,1
1203,8/9/1999,Aug,1999,Wildfire,0,500000,California,1
1204,8/13/1999,Aug,1999,Wildfire,0,0,California,1
1205,8/21/1999,Aug,1999,Wildfire,0,0,California,1
1206,8/21/1999,Aug,1999,Wildfire,0,100000,California,1
1207,8/22/1999,Aug,1999,Wildfire,0,0,California,1
1208,8/22/1999,Aug,1999,Wildfire,0,0,California,1
1209,8/23/1999,Aug,1999,Wildfire,0,0,California,1
1210,8/23/1999,Aug,1999,Wildfire,0,0,California,1
1211,8/23/1999,Aug,1999,Wildfire,0,0,California,1
1212,8/23/1999,Aug,1999,Wildfire,0,0,California,1
1213,8/23/1999,Aug,1999,Wildfire,0,0,California,1
1214,8/23/1999,Aug,1999,Wildfire,0,0,California,1
1215,8/25/1999,Aug,1999,Wildfire,0,0,California,1
1216,8/25/1999,Aug,1999,Wildfire,0,10000,California,1
1217,8/26/1999,Aug,1999,Wildfire,0,0,California,1
1218,8/28/1999,Aug,1999,Wildfire,0,0,California,1
1219,8/28/1999,Aug,1999,Wildfire,0,0,California,1
1220,8/28/1999,Aug,1999,Wildfire,0,2000000,California,1
1221,8/29/1999,Aug,1999,Wildfire,0,227000,California,1
1222,8/29/1999,Aug,1999,Wildfire,0,0,California,1
1223,9/1/1999,Sep,1999,Wildfire,0,0,California,1
1224,9/1/1999,Sep,1999,Wildfire,0,0,California,1
1225,9/1/1999,Sep,1999,Wildfire,0,0,California,1
1226,9/1/1999,Sep,1999,Wildfire,0,0,California,1
1227,9/1/1999,Sep,1999,Wildfire,0,0,California,1
1228,9/1/1999,Sep,1999,Wildfire,0,0,California,1
1229,9/1/1999,Sep,1999,Wildfire,0,0,California,1
1230,9/1/1999,Sep,1999,Wildfire,0,0,California,1
1231,9/8/1999,Sep,1999,Wildfire,0,0,California,1
1232,9/9/1999,Sep,1999,Wildfire,0,66900000,California,1
1233,9/18/1999,Sep,1999,Wildfire,0,290000,California,1
1234,9/26/1999,Sep,1999,Wildfire,0,0,California,1
1235,9/28/1999,Sep,1999,Wildfire,0,4500000,California,1
1236,9/28/1999,Sep,1999,Wildfire,0,0,California,1
1237,9/28/1999,Sep,1999,Wildfire,0,0,California,1
1238,9/30/1999,Sep,1999,Wildfire,0,0,California,1
1239,9/30/1999,Sep,1999,Wildfire,0,0,California,1
1240,9/30/1999,Sep,1999,Wildfire,0,0,California,1
1241,10/1/1999,Oct,1999,Wildfire,0,500000,California,1
1242,10/1/1999,Oct,1999,Wildfire,0,1300000,California,1
1243,10/1/1999,Oct,1999,Wildfire,0,0,California,1
1244,10/1/1999,Oct,1999,Wildfire,0,0,California,1
1245,10/1/1999,Oct,1999,Wildfire,1,0,California,1
1246,10/1/1999,Oct,1999,Wildfire,0,250000,California,1
1247,10/1/1999,Oct,1999,Wildfire,0,13300000,California,1
1248,10/1/1999,Oct,1999,Wildfire,0,0,California,1
1249,10/3/1999,Oct,1999,Wildfire,0,0,California,1
1250,10/8/1999,Oct,1999,Wildfire,0,210000,California,1
1251,10/15/1999,Oct,1999,Wildfire,0,0,California,1
1252,10/16/1999,Oct,1999,Wildfire,0,480000,California,1
1253,10/16/1999,Oct,1999,Wildfire,0,22200000,California,1
1254,10/16/1999,Oct,1999,Wildfire,0,0,California,1
1255,10/17/1999,Oct,1999,Wildfire,0,3500000,California,1
1256,10/17/1999,Oct,1999,Wildfire,0,0,California,1
1257,10/17/1999,Oct,1999,Wildfire,0,0,California,1
1258,10/17/1999,Oct,1999,Wildfire,0,50000,California,1
1259,10/17/1999,Oct,1999,Wildfire,0,0,California,1
1260,10/17/1999,Oct,1999,Wildfire,0,550000,California,1
1261,10/20/1999,Oct,1999,Wildfire,0,0,California,1
1262,10/22/1999,Oct,1999,Wildfire,0,0,California,1
1263,10/26/1999,Oct,1999,Wildfire,0,0,California,1
1264,10/29/1999,Oct,1999,Wildfire,0,0,California,1
1265,11/14/1999,Nov,1999,Wildfire,0,0,California,1
1266,11/23/1999,Nov,1999,Wildfire,0,0,California,1
1267,12/4/1999,Dec,1999,Wildfire,0,0,California,1
1268,12/21/1999,Dec,1999,Wildfire,0,0,California,1
1269,12/21/1999,Dec,1999,Wildfire,0,0,California,1
1270,12/21/1999,Dec,1999,Wildfire,0,0,California,1
1271,12/22/1999,Dec,1999,Wildfire,0,0,California,1
1272,12/27/1999,Dec,1999,Wildfire,0,0,California,1
1273,12/27/1999,Dec,1999,Wildfire,0,0,California,1
1274,1/6/2000,Jan,2000,Wildfire,0,0,California,1
1275,2/2/2000,Feb,2000,Wildfire,0,30000,California,1
1276,6/4/2000,Jun,2000,Wildfire,0,0,California,1
1277,7/20/2000,Jul,2000,Wildfire,1,0,California,1
1278,7/22/2000,Jul,2000,Wildfire,0,0,California,1
1279,7/22/2000,Jul,2000,Wildfire,0,0,California,1
1280,7/22/2000,Jul,2000,Wildfire,0,490000,California,1
1281,7/22/2000,Jul,2000,Wildfire,0,0,California,1
1282,7/27/2000,Jul,2000,Wildfire,0,0,California,1
1283,7/29/2000,Jul,2000,Wildfire,0,0,California,1
1284,7/31/2000,Jul,2000,Wildfire,0,0,California,1
1285,7/31/2000,Jul,2000,Wildfire,0,0,California,1
1286,8/1/2000,Aug,2000,Wildfire,0,0,California,1
1287,8/1/2000,Aug,2000,Wildfire,0,0,California,1
1288,8/2/2000,Aug,2000,Wildfire,0,40000,California,1
1289,8/13/2000,Aug,2000,Wildfire,0,78200,California,1
1290,8/15/2000,Aug,2000,Wildfire,0,500000,California,1
1291,8/22/2000,Aug,2000,Wildfire,0,0,California,1
1292,9/1/2000,Sep,2000,Wildfire,0,100000,California,1
1293,9/8/2000,Sep,2000,Wildfire,0,22700000,California,1
1294,9/11/2000,Sep,2000,Wildfire,0,0,California,1
1295,9/13/2000,Sep,2000,Wildfire,0,0,California,1
1296,9/18/2000,Sep,2000,Wildfire,0,662000,California,1
1297,9/21/2000,Sep,2000,Wildfire,0,1900000,California,1
1298,9/29/2000,Sep,2000,Wildfire,0,425000,California,1
1299,10/1/2000,Oct,2000,Wildfire,0,547000000,California,1
1300,10/1/2000,Oct,2000,Wildfire,0,547000,California,1
1301,12/18/2000,Dec,2000,Wildfire,0,30000,California,1
1302,12/25/2000,Dec,2000,Wildfire,0,0,California,1
1303,12/26/2000,Dec,2000,Wildfire,0,0,California,1
1304,12/26/2000,Dec,2000,Wildfire,0,0,California,1
1305,12/26/2000,Dec,2000,Wildfire,0,0,California,1
1306,1/3/2001,Jan,2001,Wildfire,0,0,California,1
1307,1/3/2001,Jan,2001,Wildfire,0,10000000,California,1
1308,1/3/2001,Jan,2001,Wildfire,0,0,California,1
1309,1/3/2001,Jan,2001,Wildfire,0,0,California,1
1310,1/3/2001,Jan,2001,Wildfire,0,0,California,1
1311,5/11/2001,May,2001,Wildfire,0,0,California,1
1312,6/13/2001,Jun,2001,Wildfire,0,0,California,1
1313,6/13/2001,Jun,2001,Wildfire,0,0,California,1
1314,6/14/2001,Jun,2001,Wildfire,0,0,California,1
1315,6/14/2001,Jun,2001,Wildfire,0,150000,California,1
1316,6/15/2001,Jun,2001,Wildfire,0,0,California,1
1317,6/16/2001,Jun,2001,Wildfire,0,0,California,1
1318,6/17/2001,Jun,2001,Wildfire,0,0,California,1
1319,6/17/2001,Jun,2001,Wildfire,0,0,California,1
1320,6/17/2001,Jun,2001,Wildfire,0,0,California,1
1321,6/17/2001,Jun,2001,Wildfire,0,0,California,1
1322,6/19/2001,Jun,2001,Wildfire,0,0,California,1
1323,6/23/2001,Jun,2001,Wildfire,0,0,California,1
1324,6/23/2001,Jun,2001,Wildfire,0,565000,California,1
1325,6/23/2001,Jun,2001,Wildfire,0,50000,California,1
1326,6/24/2001,Jun,2001,Wildfire,0,150000,California,1
1327,6/24/2001,Jun,2001,Wildfire,0,0,California,1
1328,6/24/2001,Jun,2001,Wildfire,0,25000,California,1
1329,6/26/2001,Jun,2001,Wildfire,0,0,California,1
1330,6/26/2001,Jun,2001,Wildfire,0,0,California,1
1331,6/29/2001,Jun,2001,Wildfire,1,0,California,1
1332,6/29/2001,Jun,2001,Wildfire,0,0,California,1
1333,6/30/2001,Jun,2001,Wildfire,0,0,California,1
1334,7/1/2001,Jul,2001,Wildfire,0,27000,California,1
1335,7/1/2001,Jul,2001,Wildfire,0,0,California,1
1336,7/1/2001,Jul,2001,Wildfire,0,0,California,1
1337,7/1/2001,Jul,2001,Wildfire,0,0,California,1
1338,7/1/2001,Jul,2001,Wildfire,0,0,California,1
1339,7/3/2001,Jul,2001,Wildfire,0,0,California,1
1340,7/7/2001,Jul,2001,Wildfire,0,0,California,1
1341,7/7/2001,Jul,2001,Wildfire,0,0,California,1
1342,7/9/2001,Jul,2001,Wildfire,0,0,California,1
1343,7/11/2001,Jul,2001,Wildfire,0,0,California,1
1344,7/11/2001,Jul,2001,Wildfire,0,150000,California,1
1345,7/12/2001,Jul,2001,Wildfire,0,0,California,1
1346,7/13/2001,Jul,2001,Wildfire,0,350000,California,1
1347,7/17/2001,Jul,2001,Wildfire,0,0,California,1
1348,7/24/2001,Jul,2001,Wildfire,0,0,California,1
1349,7/27/2001,Jul,2001,Wildfire,0,5000000,California,1
1350,7/30/2001,Jul,2001,Wildfire,0,0,California,1
1351,8/1/2001,Aug,2001,Wildfire,0,0,California,1
1352,8/1/2001,Aug,2001,Wildfire,0,0,California,1
1353,8/7/2001,Aug,2001,Wildfire,0,777800,California,1
1354,8/10/2001,Aug,2001,Wildfire,0,0,California,1
1355,8/10/2001,Aug,2001,Wildfire,0,0,California,1
1356,8/14/2001,Aug,2001,Wildfire,0,0,California,1
1357,8/17/2001,Aug,2001,Wildfire,0,0,California,1
1358,8/18/2001,Aug,2001,Wildfire,0,800000,California,1
1359,8/19/2001,Aug,2001,Wildfire,0,3600000,California,1
1360,8/20/2001,Aug,2001,Wildfire,0,6060000,California,1
1361,8/25/2001,Aug,2001,Wildfire,0,4100000,California,1
1362,8/26/2001,Aug,2001,Wildfire,0,0,California,1
1363,8/28/2001,Aug,2001,Wildfire,0,0,California,1
1364,9/1/2001,Sep,2001,Wildfire,0,3500000,California,1
1365,9/1/2001,Sep,2001,Wildfire,0,0,California,1
1366,9/4/2001,Sep,2001,Wildfire,0,0,California,1
1367,9/9/2001,Sep,2001,Wildfire,0,0,California,1
1368,9/15/2001,Sep,2001,Wildfire,0,0,California,1
1369,9/16/2001,Sep,2001,Wildfire,0,10000,California,1
1370,9/23/2001,Sep,2001,Wildfire,0,50000,California,1
1371,9/24/2001,Sep,2001,Wildfire,0,0,California,1
1372,9/24/2001,Sep,2001,Wildfire,0,200000,California,1
1373,9/24/2001,Sep,2001,Wildfire,0,0,California,1
1374,9/24/2001,Sep,2001,Wildfire,0,0,California,1
1375,9/25/2001,Sep,2001,Wildfire,0,0,California,1
1376,9/27/2001,Sep,2001,Wildfire,0,144000,California,1
1377,10/1/2001,Oct,2001,Wildfire,0,0,California,1
1378,10/1/2001,Oct,2001,Wildfire,0,0,California,1
1379,10/9/2001,Oct,2001,Wildfire,0,0,California,1
1380,10/12/2001,Oct,2001,Wildfire,0,0,California,1
1381,10/12/2001,Oct,2001,Wildfire,0,0,California,1
1382,10/12/2001,Oct,2001,Wildfire,0,0,California,1
1383,10/12/2001,Oct,2001,Wildfire,0,0,California,1
1384,10/26/2001,Oct,2001,Wildfire,0,0,California,1
1385,12/8/2001,Dec,2001,Wildfire,0,0,California,1
1386,12/27/2001,Dec,2001,Wildfire,0,2000000,California,1
1387,1/11/2002,Jan,2002,Wildfire,0,0,California,1
1388,1/23/2002,Jan,2002,Wildfire,0,0,California,1
1389,1/24/2002,Jan,2002,Wildfire,0,0,California,1
1390,2/9/2002,Feb,2002,Wildfire,0,45000,California,1
1391,2/9/2002,Feb,2002,Wildfire,0,0,California,1
1392,2/9/2002,Feb,2002,Wildfire,0,10000,California,1
1393,2/9/2002,Feb,2002,Wildfire,0,0,California,1
1394,2/10/2002,Feb,2002,Wildfire,0,1200000,California,1
1395,2/10/2002,Feb,2002,Wildfire,0,0,California,1
1396,2/10/2002,Feb,2002,Wildfire,0,0,California,1
1397,2/10/2002,Feb,2002,Wildfire,0,0,California,1
1398,2/10/2002,Feb,2002,Wildfire,0,0,California,1
1399,2/10/2002,Feb,2002,Wildfire,0,0,California,1
1400,2/10/2002,Feb,2002,Wildfire,0,0,California,1
1401,3/2/2002,Mar,2002,Wildfire,0,16000000,California,1
1402,3/17/2002,Mar,2002,Wildfire,0,5000,California,1
1403,3/21/2002,Mar,2002,Wildfire,0,0,California,1
1404,4/9/2002,Apr,2002,Wildfire,0,0,California,1
1405,4/21/2002,Apr,2002,Wildfire,0,50000,California,1
1406,5/2/2002,May,2002,Wildfire,0,0,California,1
1407,5/3/2002,May,2002,Wildfire,0,0,California,1
1408,5/9/2002,May,2002,Wildfire,0,0,California,1
1409,5/11/2002,May,2002,Wildfire,0,0,California,1
1410,5/12/2002,May,2002,Wildfire,0,0,California,1
1411,5/13/2002,May,2002,Wildfire,0,0,California,1
1412,5/13/2002,May,2002,Wildfire,0,0,California,1
1413,5/13/2002,May,2002,Wildfire,0,250000,California,1
1414,5/14/2002,May,2002,Wildfire,0,400000,California,1
1415,5/14/2002,May,2002,Wildfire,0,0,California,1
1416,5/14/2002,May,2002,Wildfire,0,0,California,1
1417,5/14/2002,May,2002,Wildfire,0,0,California,1
1418,5/14/2002,May,2002,Wildfire,0,0,California,1
1419,5/14/2002,May,2002,Wildfire,0,0,California,1
1420,5/14/2002,May,2002,Wildfire,0,0,California,1
1421,5/21/2002,May,2002,Wildfire,0,0,California,1
1422,5/31/2002,May,2002,Wildfire,0,0,California,1
1423,6/1/2002,Jun,2002,Wildfire,0,0,California,1
1424,6/1/2002,Jun,2002,Wildfire,0,300000,California,1
1425,6/1/2002,Jun,2002,Wildfire,0,95000,California,1
1426,6/2/2002,Jun,2002,Wildfire,0,0,California,1
1427,6/2/2002,Jun,2002,Wildfire,0,0,California,1
1428,6/3/2002,Jun,2002,Wildfire,0,110000,California,1
1429,6/3/2002,Jun,2002,Wildfire,0,0,California,1
1430,6/4/2002,Jun,2002,Wildfire,0,0,California,1
1431,6/5/2002,Jun,2002,Wildfire,0,0,California,1
1432,6/9/2002,Jun,2002,Wildfire,0,0,California,1
1433,6/15/2002,Jun,2002,Wildfire,0,15000,California,1
1434,6/15/2002,Jun,2002,Wildfire,0,1950000,California,1
1435,6/16/2002,Jun,2002,Wildfire,0,0,California,1
1436,6/17/2002,Jun,2002,Wildfire,0,1000000,California,1
1437,6/17/2002,Jun,2002,Wildfire,0,300000,California,1
1438,6/17/2002,Jun,2002,Wildfire,0,150000,California,1
1439,6/18/2002,Jun,2002,Wildfire,0,0,California,1
1440,6/18/2002,Jun,2002,Wildfire,0,0,California,1
1441,6/18/2002,Jun,2002,Wildfire,0,0,California,1
1442,6/18/2002,Jun,2002,Wildfire,0,0,California,1
1443,6/19/2002,Jun,2002,Wildfire,0,0,California,1
1444,6/24/2002,Jun,2002,Wildfire,0,300000,California,1
1445,6/24/2002,Jun,2002,Wildfire,0,0,California,1
1446,6/24/2002,Jun,2002,Wildfire,0,0,California,1
1447,6/24/2002,Jun,2002,Wildfire,0,80000,California,1
1448,6/25/2002,Jun,2002,Wildfire,0,0,California,1
1449,6/25/2002,Jun,2002,Wildfire,0,0,California,1
1450,6/26/2002,Jun,2002,Wildfire,0,0,California,1
1451,6/26/2002,Jun,2002,Wildfire,0,2000000,California,1
1452,6/28/2002,Jun,2002,Wildfire,0,0,California,1
1453,6/30/2002,Jun,2002,Wildfire,0,0,California,1
1454,6/30/2002,Jun,2002,Wildfire,0,0,California,1
1455,6/30/2002,Jun,2002,Wildfire,0,20000,California,1
1456,7/1/2002,Jul,2002,Wildfire,0,0,California,1
1457,7/1/2002,Jul,2002,Wildfire,0,0,California,1
1458,7/4/2002,Jul,2002,Wildfire,0,0,California,1
1459,7/6/2002,Jul,2002,Wildfire,0,0,California,1
1460,7/10/2002,Jul,2002,Wildfire,0,25000,California,1
1461,7/10/2002,Jul,2002,Wildfire,0,0,California,1
1462,7/11/2002,Jul,2002,Wildfire,0,0,California,1
1463,7/13/2002,Jul,2002,Wildfire,0,0,California,1
1464,7/13/2002,Jul,2002,Wildfire,0,0,California,1
1465,7/16/2002,Jul,2002,Wildfire,0,0,California,1
1466,7/17/2002,Jul,2002,Wildfire,0,0,California,1
1467,7/17/2002,Jul,2002,Wildfire,0,0,California,1
1468,7/20/2002,Jul,2002,Wildfire,0,0,California,1
1469,7/21/2002,Jul,2002,Wildfire,0,0,California,1
1470,7/21/2002,Jul,2002,Wildfire,0,3780000,California,1
1471,7/22/2002,Jul,2002,Wildfire,0,14300000,California,1
1472,7/23/2002,Jul,2002,Wildfire,0,55000,California,1
1473,7/24/2002,Jul,2002,Wildfire,0,0,California,1
1474,7/24/2002,Jul,2002,Wildfire,0,0,California,1
1475,7/25/2002,Jul,2002,Wildfire,0,3000,California,1
1476,7/26/2002,Jul,2002,Wildfire,0,0,California,1
1477,7/26/2002,Jul,2002,Wildfire,0,0,California,1
1478,7/28/2002,Jul,2002,Wildfire,0,0,California,1
1479,7/29/2002,Jul,2002,Wildfire,0,0,California,1
1480,7/29/2002,Jul,2002,Wildfire,0,0,California,1
1481,7/29/2002,Jul,2002,Wildfire,0,0,California,1
1482,8/1/2002,Aug,2002,Wildfire,0,2000000,California,1
1483,8/1/2002,Aug,2002,Wildfire,0,45700000,California,1
1484,8/1/2002,Aug,2002,Wildfire,0,10000000,California,1
1485,8/1/2002,Aug,2002,Wildfire,0,0,California,1
1486,8/4/2002,Aug,2002,Wildfire,0,0,California,1
1487,8/4/2002,Aug,2002,Wildfire,0,130000,California,1
1488,8/6/2002,Aug,2002,Wildfire,0,0,California,1
1489,8/9/2002,Aug,2002,Wildfire,0,0,California,1
1490,8/9/2002,Aug,2002,Wildfire,0,0,California,1
1491,8/11/2002,Aug,2002,Wildfire,0,0,California,1
1492,8/11/2002,Aug,2002,Wildfire,0,15000,California,1
1493,8/17/2002,Aug,2002,Wildfire,0,0,California,1
1494,8/24/2002,Aug,2002,Wildfire,0,290000,California,1
1495,8/27/2002,Aug,2002,Wildfire,0,0,California,1
1496,8/29/2002,Aug,2002,Wildfire,1,750000,California,1
1497,9/1/2002,Sep,2002,Wildfire,0,20000,California,1
1498,9/1/2002,Sep,2002,Wildfire,0,0,California,1
1499,9/2/2002,Sep,2002,Wildfire,0,12700000,California,1
1500,9/4/2002,Sep,2002,Wildfire,0,0,California,1
1501,9/5/2002,Sep,2002,Wildfire,0,0,California,1
1502,9/11/2002,Sep,2002,Wildfire,0,0,California,1
1503,9/16/2002,Sep,2002,Wildfire,0,0,California,1
1504,9/22/2002,Sep,2002,Wildfire,0,0,California,1
1505,10/2/2002,Oct,2002,Wildfire,0,15300000,California,1
1506,10/13/2002,Oct,2002,Wildfire,0,0,California,1
1507,11/20/2002,Nov,2002,Wildfire,0,0,California,1
1508,11/26/2002,Nov,2002,Wildfire,0,0,California,1
1509,11/26/2002,Nov,2002,Wildfire,0,30000,California,1
1510,11/27/2002,Nov,2002,Wildfire,0,0,California,1
1511,1/6/2003,Jan,2003,Wildfire,0,22000,California,1
1512,1/6/2003,Jan,2003,Wildfire,0,75000,California,1
1513,1/11/2003,Jan,2003,Wildfire,0,0,California,1
1514,2/1/2003,Feb,2003,Wildfire,0,2500000,California,1
1515,5/19/2003,May,2003,Wildfire,0,0,California,1
1516,5/26/2003,May,2003,Wildfire,0,0,California,1
1517,6/2/2003,Jun,2003,Wildfire,0,0,California,1
1518,6/6/2003,Jun,2003,Wildfire,0,15000,California,1
1519,6/13/2003,Jun,2003,Wildfire,0,55000,California,1
1520,6/15/2003,Jun,2003,Wildfire,0,10000,California,1
1521,6/15/2003,Jun,2003,Wildfire,0,0,California,1
1522,6/16/2003,Jun,2003,Wildfire,0,0,California,1
1523,6/26/2003,Jun,2003,Wildfire,0,0,California,1
1524,6/26/2003,Jun,2003,Wildfire,0,0,California,1
1525,6/26/2003,Jun,2003,Wildfire,0,0,California,1
1526,6/28/2003,Jun,2003,Wildfire,0,800000,California,1
1527,6/29/2003,Jun,2003,Wildfire,0,0,California,1
1528,6/29/2003,Jun,2003,Wildfire,0,1590000,California,1
1529,6/30/2003,Jun,2003,Wildfire,0,0,California,1
1530,6/30/2003,Jun,2003,Wildfire,0,0,California,1
1531,6/30/2003,Jun,2003,Wildfire,0,0,California,1
1532,6/30/2003,Jun,2003,Wildfire,0,0,California,1
1533,7/1/2003,Jul,2003,Wildfire,0,0,California,1
1534,7/1/2003,Jul,2003,Wildfire,0,0,California,1
1535,7/3/2003,Jul,2003,Wildfire,0,0,California,1
1536,7/3/2003,Jul,2003,Wildfire,0,810000,California,1
1537,7/4/2003,Jul,2003,Wildfire,0,750000,California,1
1538,7/5/2003,Jul,2003,Wildfire,0,0,California,1
1539,7/5/2003,Jul,2003,Wildfire,0,0,California,1
1540,7/6/2003,Jul,2003,Wildfire,0,0,California,1
1541,7/6/2003,Jul,2003,Wildfire,0,20000,California,1
1542,7/7/2003,Jul,2003,Wildfire,0,0,California,1
1543,7/7/2003,Jul,2003,Wildfire,0,0,California,1
1544,7/7/2003,Jul,2003,Wildfire,0,0,California,1
1545,7/8/2003,Jul,2003,Wildfire,0,0,California,1
1546,7/8/2003,Jul,2003,Wildfire,0,0,California,1
1547,7/8/2003,Jul,2003,Wildfire,0,0,California,1
1548,7/8/2003,Jul,2003,Wildfire,0,680000,California,1
1549,7/12/2003,Jul,2003,Wildfire,0,1280000,California,1
1550,7/13/2003,Jul,2003,Wildfire,0,0,California,1
1551,7/14/2003,Jul,2003,Wildfire,0,0,California,1
1552,7/15/2003,Jul,2003,Wildfire,0,0,California,1
1553,7/16/2003,Jul,2003,Wildfire,0,0,California,1
1554,7/16/2003,Jul,2003,Wildfire,0,0,California,1
1555,7/19/2003,Jul,2003,Wildfire,0,1000000,California,1
1556,7/20/2003,Jul,2003,Wildfire,0,0,California,1
1557,7/20/2003,Jul,2003,Wildfire,0,0,California,1
1558,7/21/2003,Jul,2003,Wildfire,0,0,California,1
1559,7/23/2003,Jul,2003,Wildfire,0,0,California,1
1560,7/25/2003,Jul,2003,Wildfire,0,2580000,California,1
1561,7/26/2003,Jul,2003,Wildfire,0,400000,California,1
1562,7/27/2003,Jul,2003,Wildfire,0,0,California,1
1563,7/28/2003,Jul,2003,Wildfire,0,0,California,1
1564,7/30/2003,Jul,2003,Wildfire,0,0,California,1
1565,7/30/2003,Jul,2003,Wildfire,0,650000,California,1
1566,7/31/2003,Jul,2003,Wildfire,0,0,California,1
1567,8/1/2003,Aug,2003,Wildfire,0,0,California,1
1568,8/1/2003,Aug,2003,Wildfire,0,20000,California,1
1569,8/1/2003,Aug,2003,Wildfire,0,22000,California,1
1570,8/1/2003,Aug,2003,Wildfire,0,0,California,1
1571,8/1/2003,Aug,2003,Wildfire,0,0,California,1
1572,8/4/2003,Aug,2003,Wildfire,0,0,California,1
1573,8/10/2003,Aug,2003,Wildfire,0,0,California,1
1574,8/14/2003,Aug,2003,Wildfire,0,0,California,1
1575,8/15/2003,Aug,2003,Wildfire,0,0,California,1
1576,8/17/2003,Aug,2003,Wildfire,0,0,California,1
1577,8/18/2003,Aug,2003,Wildfire,0,0,California,1
1578,8/18/2003,Aug,2003,Wildfire,0,1000000,California,1
1579,8/20/2003,Aug,2003,Wildfire,0,0,California,1
1580,8/21/2003,Aug,2003,Wildfire,0,20000,California,1
1581,8/23/2003,Aug,2003,Wildfire,0,2000,California,1
1582,8/23/2003,Aug,2003,Wildfire,0,0,California,1
1583,8/23/2003,Aug,2003,Wildfire,0,0,California,1
1584,8/25/2003,Aug,2003,Wildfire,0,0,California,1
1585,8/26/2003,Aug,2003,Wildfire,0,0,California,1
1586,8/27/2003,Aug,2003,Wildfire,0,0,California,1
1587,8/28/2003,Aug,2003,Wildfire,0,0,California,1
1588,9/1/2003,Sep,2003,Wildfire,0,0,California,1
1589,9/1/2003,Sep,2003,Wildfire,0,0,California,1
1590,9/1/2003,Sep,2003,Wildfire,0,0,California,1
1591,9/2/2003,Sep,2003,Wildfire,0,0,California,1
1592,9/3/2003,Sep,2003,Wildfire,0,0,California,1
1593,9/3/2003,Sep,2003,Wildfire,0,64000,California,1
1594,9/3/2003,Sep,2003,Wildfire,0,0,California,1
1595,9/3/2003,Sep,2003,Wildfire,0,0,California,1
1596,9/3/2003,Sep,2003,Wildfire,0,0,California,1
1597,9/3/2003,Sep,2003,Wildfire,0,50000,California,1
1598,9/3/2003,Sep,2003,Wildfire,0,0,California,1
1599,9/5/2003,Sep,2003,Wildfire,0,0,California,1
1600,9/5/2003,Sep,2003,Wildfire,0,824000,California,1
1601,9/12/2003,Sep,2003,Wildfire,0,200000,California,1
1602,9/12/2003,Sep,2003,Wildfire,0,0,California,1
1603,9/15/2003,Sep,2003,Wildfire,0,0,California,1
1604,9/17/2003,Sep,2003,Wildfire,0,460560,California,1
1605,9/21/2003,Sep,2003,Wildfire,0,0,California,1
1606,9/23/2003,Sep,2003,Wildfire,0,0,California,1
1607,10/1/2003,Oct,2003,Wildfire,0,0,California,1
1608,10/1/2003,Oct,2003,Wildfire,0,150000,California,1
1609,10/1/2003,Oct,2003,Wildfire,0,100000,California,1
1610,10/1/2003,Oct,2003,Wildfire,0,1540000,California,1
1611,10/1/2003,Oct,2003,Wildfire,0,806770,California,1
1612,10/1/2003,Oct,2003,Wildfire,0,2900000,California,1
1613,10/1/2003,Oct,2003,Wildfire,0,68000,California,1
1614,10/1/2003,Oct,2003,Wildfire,0,0,California,1
1615,10/12/2003,Oct,2003,Wildfire,0,0,California,1
1616,10/21/2003,Oct,2003,Wildfire,0,0,California,1
1617,10/21/2003,Oct,2003,Wildfire,0,0,California,1
1618,10/21/2003,Oct,2003,Wildfire,0,0,California,1
1619,10/21/2003,Oct,2003,Wildfire,0,50000000,California,1
1620,10/23/2003,Oct,2003,Wildfire,0,2500000,California,1
1621,10/24/2003,Oct,2003,Wildfire,0,0,California,1
1622,10/24/2003,Oct,2003,Wildfire,0,0,California,1
1623,10/25/2003,Oct,2003,Wildfire,4,0,California,1
1624,10/25/2003,Oct,2003,Wildfire,0,696400000,California,1
1625,10/25/2003,Oct,2003,Wildfire,14,0,California,1
1626,10/26/2003,Oct,2003,Wildfire,2,1040000000,California,1
1627,10/26/2003,Oct,2003,Wildfire,0,55220000,California,1
1628,10/26/2003,Oct,2003,Wildfire,0,6000000,California,1
1629,10/26/2003,Oct,2003,Wildfire,0,500000,California,1
1630,11/1/2003,Nov,2003,Wildfire,0,0,California,1
1631,11/1/2003,Nov,2003,Wildfire,0,0,California,1
1632,11/1/2003,Nov,2003,Wildfire,0,0,California,1
1633,11/1/2003,Nov,2003,Wildfire,0,0,California,1
1634,11/1/2003,Nov,2003,Wildfire,0,0,California,1
1635,11/1/2003,Nov,2003,Wildfire,0,16960000,California,1
1636,11/1/2003,Nov,2003,Wildfire,0,21500000,California,1
1637,11/1/2003,Nov,2003,Wildfire,2,0,California,1
1638,11/1/2003,Nov,2003,Wildfire,0,278600000,California,1
1639,11/1/2003,Nov,2003,Wildfire,0,0,California,1
1640,11/1/2003,Nov,2003,Wildfire,0,0,California,1
1641,3/25/2004,Mar,2004,Wildfire,0,0,California,1
1642,4/25/2004,Apr,2004,Wildfire,0,25000,California,1
1643,5/2/2004,May,2004,Wildfire,0,1920000,California,1
1644,5/2/2004,May,2004,Wildfire,0,0,California,1
1645,5/2/2004,May,2004,Wildfire,0,4470000,California,1
1646,5/3/2004,May,2004,Wildfire,0,20000,California,1
1647,5/3/2004,May,2004,Wildfire,0,3600000,California,1
1648,5/12/2004,May,2004,Wildfire,0,0,California,1
1649,6/5/2004,Jun,2004,Wildfire,0,0,California,1
1650,6/6/2004,Jun,2004,Wildfire,0,0,California,1
1651,6/8/2004,Jun,2004,Wildfire,0,0,California,1
1652,6/15/2004,Jun,2004,Wildfire,0,0,California,1
1653,6/16/2004,Jun,2004,Wildfire,0,0,California,1
1654,6/17/2004,Jun,2004,Wildfire,0,0,California,1
1655,6/18/2004,Jun,2004,Wildfire,0,0,California,1
1656,6/25/2004,Jun,2004,Wildfire,0,0,California,1
1657,6/26/2004,Jun,2004,Wildfire,0,0,California,1
1658,6/27/2004,Jun,2004,Wildfire,0,0,California,1
1659,6/30/2004,Jun,2004,Wildfire,0,0,California,1
1660,7/1/2004,Jul,2004,Wildfire,0,0,California,1
1661,7/1/2004,Jul,2004,Wildfire,0,0,California,1
1662,7/11/2004,Jul,2004,Wildfire,0,0,California,1
1663,7/11/2004,Jul,2004,Wildfire,0,0,California,1
1664,7/12/2004,Jul,2004,Wildfire,0,80000,California,1
1665,7/12/2004,Jul,2004,Wildfire,0,0,California,1
1666,7/12/2004,Jul,2004,Wildfire,0,0,California,1
1667,7/13/2004,Jul,2004,Wildfire,0,0,California,1
1668,7/13/2004,Jul,2004,Wildfire,0,520000,California,1
1669,7/14/2004,Jul,2004,Wildfire,0,25000,California,1
1670,7/17/2004,Jul,2004,Wildfire,0,0,California,1
1671,7/17/2004,Jul,2004,Wildfire,0,0,California,1
1672,7/17/2004,Jul,2004,Wildfire,0,0,California,1
1673,7/20/2004,Jul,2004,Wildfire,0,163500,California,1
1674,7/20/2004,Jul,2004,Wildfire,0,0,California,1
1675,7/21/2004,Jul,2004,Wildfire,0,0,California,1
1676,7/21/2004,Jul,2004,Wildfire,0,0,California,1
1677,7/22/2004,Jul,2004,Wildfire,0,0,California,1
1678,8/1/2004,Aug,2004,Wildfire,0,0,California,1
1679,8/6/2004,Aug,2004,Wildfire,0,0,California,1
1680,8/9/2004,Aug,2004,Wildfire,0,0,California,1
1681,8/10/2004,Aug,2004,Wildfire,0,0,California,1
1682,8/13/2004,Aug,2004,Wildfire,0,0,California,1
1683,8/13/2004,Aug,2004,Wildfire,0,0,California,1
1684,8/13/2004,Aug,2004,Wildfire,0,0,California,1
1685,8/13/2004,Aug,2004,Wildfire,0,0,California,1
1686,8/14/2004,Aug,2004,Wildfire,0,0,California,1
1687,8/14/2004,Aug,2004,Wildfire,0,0,California,1
1688,8/29/2004,Aug,2004,Wildfire,0,0,California,1
1689,9/1/2004,Sep,2004,Wildfire,0,0,California,1
1690,9/2/2004,Sep,2004,Wildfire,0,0,California,1
1691,9/3/2004,Sep,2004,Wildfire,0,35000,California,1
1692,9/3/2004,Sep,2004,Wildfire,0,0,California,1
1693,9/6/2004,Sep,2004,Wildfire,0,250000,California,1
1694,9/6/2004,Sep,2004,Wildfire,0,0,California,1
1695,9/6/2004,Sep,2004,Wildfire,0,0,California,1
1696,9/7/2004,Sep,2004,Wildfire,0,0,California,1
1697,9/8/2004,Sep,2004,Wildfire,0,1000,California,1
1698,9/11/2004,Sep,2004,Wildfire,0,0,California,1
1699,9/11/2004,Sep,2004,Wildfire,0,0,California,1
1700,9/12/2004,Sep,2004,Wildfire,0,0,California,1
1701,9/13/2004,Sep,2004,Wildfire,0,0,California,1
1702,9/22/2004,Sep,2004,Wildfire,0,10000,California,1
1703,12/16/2004,Dec,2004,Wildfire,0,0,California,1
1704,6/2/2005,Jun,2005,Wildfire,0,0,California,1
1705,6/5/2005,Jun,2005,Wildfire,0,0,California,1
1706,6/22/2005,Jun,2005,Wildfire,0,0,California,1
1707,6/22/2005,Jun,2005,Wildfire,0,0,California,1
1708,7/5/2005,Jul,2005,Wildfire,0,1000000,California,1
1709,7/19/2005,Jul,2005,Wildfire,0,0,California,1
1710,7/22/2005,Jul,2005,Wildfire,0,0,California,1
1711,7/24/2005,Jul,2005,Wildfire,0,0,California,1
1712,7/25/2005,Jul,2005,Wildfire,0,0,California,1
1713,7/26/2005,Jul,2005,Wildfire,0,0,California,1
1714,7/26/2005,Jul,2005,Wildfire,0,0,California,1
1715,7/27/2005,Jul,2005,Wildfire,0,0,California,1
1716,8/1/2005,Aug,2005,Wildfire,0,0,California,1
1717,8/1/2005,Aug,2005,Wildfire,0,0,California,1
1718,8/7/2005,Aug,2005,Wildfire,0,0,California,1
1719,8/7/2005,Aug,2005,Wildfire,0,0,California,1
1720,8/14/2005,Aug,2005,Wildfire,0,0,California,1
1721,8/21/2005,Aug,2005,Wildfire,0,0,California,1
1722,8/26/2005,Aug,2005,Wildfire,0,0,California,1
1723,8/27/2005,Aug,2005,Wildfire,0,0,California,1
1724,9/1/2005,Sep,2005,Wildfire,0,0,California,1
1725,9/1/2005,Sep,2005,Wildfire,0,0,California,1
1726,9/1/2005,Sep,2005,Wildfire,0,0,California,1
1727,9/5/2005,Sep,2005,Wildfire,0,0,California,1
1728,9/6/2005,Sep,2005,Wildfire,0,350000,California,1
1729,9/6/2005,Sep,2005,Wildfire,0,4400000,California,1
1730,9/12/2005,Sep,2005,Wildfire,0,0,California,1
1731,9/20/2005,Sep,2005,Wildfire,0,0,California,1
1732,9/20/2005,Sep,2005,Wildfire,0,0,California,1
1733,9/20/2005,Sep,2005,Wildfire,0,0,California,1
1734,9/20/2005,Sep,2005,Wildfire,0,0,California,1
1735,9/25/2005,Sep,2005,Wildfire,0,0,California,1
1736,9/28/2005,Sep,2005,Wildfire,0,0,California,1
1737,10/1/2005,Oct,2005,Wildfire,0,868500,California,1
1738,11/18/2005,Nov,2005,Wildfire,0,0,California,1
1739,1/23/2006,Jan,2006,Wildfire,0,0,California,1
1740,2/6/2006,Feb,2006,Wildfire,0,0,California,1
1741,5/14/2006,May,2006,Wildfire,0,0,California,1
1742,5/26/2006,May,2006,Wildfire,0,0,California,1
1743,5/30/2006,May,2006,Wildfire,0,0,California,1
1744,6/4/2006,Jun,2006,Wildfire,0,0,California,1
1745,6/9/2006,Jun,2006,Wildfire,0,0,California,1
1746,6/19/2006,Jun,2006,Wildfire,0,0,California,1
1747,6/27/2006,Jun,2006,Wildfire,0,0,California,1
1748,6/28/2006,Jun,2006,Wildfire,0,0,California,1
1749,7/1/2006,Jul,2006,Wildfire,0,0,California,1
1750,7/7/2006,Jul,2006,Wildfire,0,0,California,1
1751,7/9/2006,Jul,2006,Wildfire,0,0,California,1
1752,7/9/2006,Jul,2006,Wildfire,1,0,California,1
1753,7/9/2006,Jul,2006,Wildfire,0,11700000,California,1
1754,7/9/2006,Jul,2006,Wildfire,0,0,California,1
1755,7/9/2006,Jul,2006,Wildfire,0,0,California,1
1756,7/12/2006,Jul,2006,Wildfire,0,0,California,1
1757,7/19/2006,Jul,2006,Wildfire,0,0,California,1
1758,7/19/2006,Jul,2006,Wildfire,0,0,California,1
1759,7/20/2006,Jul,2006,Wildfire,0,0,California,1
1760,7/20/2006,Jul,2006,Wildfire,0,0,California,1
1761,7/20/2006,Jul,2006,Wildfire,0,0,California,1
1762,7/21/2006,Jul,2006,Wildfire,0,0,California,1
1763,7/21/2006,Jul,2006,Wildfire,0,0,California,1
1764,7/22/2006,Jul,2006,Wildfire,0,0,California,1
1765,7/22/2006,Jul,2006,Wildfire,0,100000,California,1
1766,7/22/2006,Jul,2006,Wildfire,0,0,California,1
1767,7/22/2006,Jul,2006,Wildfire,0,0,California,1
1768,7/23/2006,Jul,2006,Wildfire,0,0,California,1
1769,7/23/2006,Jul,2006,Wildfire,0,0,California,1
1770,7/23/2006,Jul,2006,Wildfire,0,0,California,1
1771,7/23/2006,Jul,2006,Wildfire,0,4500000,California,1
1772,7/23/2006,Jul,2006,Wildfire,0,4900000,California,1
1773,7/23/2006,Jul,2006,Wildfire,0,0,California,1
1774,7/24/2006,Jul,2006,Wildfire,0,0,California,1
1775,7/25/2006,Jul,2006,Wildfire,0,0,California,1
1776,7/26/2006,Jul,2006,Wildfire,0,0,California,1
1777,7/26/2006,Jul,2006,Wildfire,0,0,California,1
1778,7/26/2006,Jul,2006,Wildfire,0,0,California,1
1779,8/1/2006,Aug,2006,Wildfire,0,6000000,California,1
1780,8/1/2006,Aug,2006,Wildfire,0,0,California,1
1781,8/1/2006,Aug,2006,Wildfire,0,0,California,1
1782,8/1/2006,Aug,2006,Wildfire,0,0,California,1
1783,8/1/2006,Aug,2006,Wildfire,0,23500000,California,1
1784,8/1/2006,Aug,2006,Wildfire,0,11700000,California,1
1785,8/1/2006,Aug,2006,Wildfire,0,11100000,California,1
1786,8/1/2006,Aug,2006,Wildfire,0,0,California,1
1787,8/1/2006,Aug,2006,Wildfire,0,0,California,1
1788,8/1/2006,Aug,2006,Wildfire,0,0,California,1
1789,8/1/2006,Aug,2006,Wildfire,0,0,California,1
1790,8/1/2006,Aug,2006,Wildfire,0,0,California,1
1791,8/5/2006,Aug,2006,Wildfire,0,0,California,1
1792,8/8/2006,Aug,2006,Wildfire,0,125000,California,1
1793,8/8/2006,Aug,2006,Wildfire,0,0,California,1
1794,8/12/2006,Aug,2006,Wildfire,0,0,California,1
1795,8/12/2006,Aug,2006,Wildfire,0,0,California,1
1796,8/21/2006,Aug,2006,Wildfire,0,0,California,1
1797,8/29/2006,Aug,2006,Wildfire,0,0,California,1
1798,9/1/2006,Sep,2006,Wildfire,0,100000,California,1
1799,9/1/2006,Sep,2006,Wildfire,0,0,California,1
1800,9/1/2006,Sep,2006,Wildfire,0,0,California,1
1801,9/5/2006,Sep,2006,Wildfire,0,0,California,1
1802,9/15/2006,Sep,2006,Wildfire,0,0,California,1
1803,9/16/2006,Sep,2006,Wildfire,0,0,California,1
1804,9/17/2006,Sep,2006,Wildfire,0,0,California,1
1805,9/19/2006,Sep,2006,Wildfire,0,0,California,1
1806,10/1/2006,Oct,2006,Wildfire,0,0,California,1
1807,10/26/2006,Oct,2006,Wildfire,5,0,California,1
1808,10/26/2006,Oct,2006,Wildfire,0,10300000,California,1
1809,10/26/2006,Oct,2006,Wildfire,0,0,California,1
1810,11/21/2006,Nov,2006,Wildfire,0,0,California,1
1811,12/2/2006,Dec,2006,Wildfire,0,0,California,1
1812,12/3/2006,Dec,2006,Wildfire,0,0,California,1
1813,12/7/2006,Dec,2006,Wildfire,0,10000000,California,1
1814,1/5/2007,Jan,2007,Wildfire,0,0,California,1
1815,1/7/2007,Jan,2007,Wildfire,0,0,California,1
1816,1/8/2007,Jan,2007,Wildfire,0,0,California,1
1817,3/11/2007,Mar,2007,Wildfire,0,60000000,California,1
1818,4/12/2007,Apr,2007,Wildfire,0,50000,California,1
1819,4/28/2007,Apr,2007,Wildfire,0,0,California,1
1820,4/29/2007,Apr,2007,Wildfire,0,0,California,1
1821,5/1/2007,May,2007,Wildfire,0,0,California,1
1822,5/7/2007,May,2007,Wildfire,0,0,California,1
1823,5/8/2007,May,2007,Wildfire,0,0,California,1
1824,5/8/2007,May,2007,Wildfire,0,0,California,1
1825,5/10/2007,May,2007,Wildfire,0,0,California,1
1826,5/13/2007,May,2007,Wildfire,0,3300000,California,1
1827,6/5/2007,Jun,2007,Wildfire,0,0,California,1
1828,6/23/2007,Jun,2007,Wildfire,0,40000,California,1
1829,6/24/2007,Jun,2007,Wildfire,0,75000,California,1
1830,7/1/2007,Jul,2007,Wildfire,0,500000000,California,1
1831,7/1/2007,Jul,2007,Wildfire,0,0,California,1
1832,7/4/2007,Jul,2007,Wildfire,0,0,California,1
1833,7/5/2007,Jul,2007,Wildfire,0,0,California,1
1834,7/10/2007,Jul,2007,Wildfire,0,0,California,1
1835,7/10/2007,Jul,2007,Wildfire,0,0,California,1
1836,7/10/2007,Jul,2007,Wildfire,0,0,California,1
1837,7/16/2007,Jul,2007,Wildfire,0,0,California,1
1838,7/21/2007,Jul,2007,Wildfire,0,0,California,1
1839,8/1/2007,Aug,2007,Wildfire,0,0,California,1
1840,8/1/2007,Aug,2007,Wildfire,0,0,California,1
1841,8/10/2007,Aug,2007,Wildfire,0,0,California,1
1842,8/21/2007,Aug,2007,Wildfire,0,0,California,1
1843,8/22/2007,Aug,2007,Wildfire,0,0,California,1
1844,8/26/2007,Aug,2007,Wildfire,0,0,California,1
1845,8/29/2007,Aug,2007,Wildfire,0,0,California,1
1846,9/1/2007,Sep,2007,Wildfire,0,0,California,1
1847,9/1/2007,Sep,2007,Wildfire,0,0,California,1
1848,9/2/2007,Sep,2007,Wildfire,0,0,California,1
1849,9/2/2007,Sep,2007,Wildfire,0,0,California,1
1850,9/10/2007,Sep,2007,Wildfire,0,0,California,1
1851,9/12/2007,Sep,2007,Wildfire,0,0,California,1
1852,9/14/2007,Sep,2007,Wildfire,0,0,California,1
1853,9/15/2007,Sep,2007,Wildfire,0,50000,California,1
1854,9/26/2007,Sep,2007,Wildfire,0,1000000,California,1
1855,10/20/2007,Oct,2007,Wildfire,0,0,California,1
1856,10/21/2007,Oct,2007,Wildfire,0,0,California,1
1857,10/21/2007,Oct,2007,Wildfire,0,0,California,1
1858,10/21/2007,Oct,2007,Wildfire,8,0,California,1
1859,10/21/2007,Oct,2007,Wildfire,0,75000000,California,1
1860,10/21/2007,Oct,2007,Wildfire,0,50000000,California,1
1861,10/21/2007,Oct,2007,Wildfire,2,50000000,California,1
1862,10/21/2007,Oct,2007,Wildfire,0,300000000,California,1
1863,10/21/2007,Oct,2007,Wildfire,0,0,California,1
1864,10/21/2007,Oct,2007,Wildfire,0,250000,California,1
1865,10/21/2007,Oct,2007,Wildfire,0,300000,California,1
1866,10/21/2007,Oct,2007,Wildfire,0,10000000,California,1
1867,10/22/2007,Oct,2007,Wildfire,0,0,California,1
1868,10/22/2007,Oct,2007,Wildfire,0,50000,California,1
1869,10/22/2007,Oct,2007,Wildfire,0,65000000,California,1
1870,10/22/2007,Oct,2007,Wildfire,0,0,California,1
1871,10/22/2007,Oct,2007,Wildfire,0,0,California,1
1872,10/22/2007,Oct,2007,Wildfire,0,0,California,1
1873,10/22/2007,Oct,2007,Wildfire,0,151100000,California,1
1874,10/22/2007,Oct,2007,Wildfire,0,50000000,California,1
1875,10/23/2007,Oct,2007,Wildfire,0,100000,California,1
1876,10/23/2007,Oct,2007,Wildfire,0,5000000,California,1
1877,10/23/2007,Oct,2007,Wildfire,0,5000000,California,1
1878,11/1/2007,Nov,2007,Wildfire,0,0,California,1
1879,11/24/2007,Nov,2007,Wildfire,0,0,California,1
1880,4/18/2008,Apr,2008,Wildfire,0,0,California,1
1881,4/18/2008,Apr,2008,Wildfire,0,0,California,1
1882,4/29/2008,Apr,2008,Wildfire,0,0,California,1
1883,5/1/2008,May,2008,Wildfire,0,0,California,1
1884,5/12/2008,May,2008,Wildfire,0,0,California,1
1885,6/1/2008,Jun,2008,Wildfire,0,0,California,1
1886,6/11/2008,Jun,2008,Wildfire,0,0,California,1
1887,6/11/2008,Jun,2008,Wildfire,0,0,California,1
1888,6/12/2008,Jun,2008,Wildfire,0,0,California,1
1889,6/20/2008,Jun,2008,Wildfire,0,0,California,1
1890,6/20/2008,Jun,2008,Wildfire,0,0,California,1
1891,6/20/2008,Jun,2008,Wildfire,0,0,California,1
1892,6/21/2008,Jun,2008,Wildfire,0,0,California,1
1893,6/21/2008,Jun,2008,Wildfire,0,0,California,1
1894,6/21/2008,Jun,2008,Wildfire,0,0,California,1
1895,6/21/2008,Jun,2008,Wildfire,0,0,California,1
1896,6/21/2008,Jun,2008,Wildfire,0,0,California,1
1897,6/21/2008,Jun,2008,Wildfire,0,0,California,1
1898,6/21/2008,Jun,2008,Wildfire,0,0,California,1
1899,6/21/2008,Jun,2008,Wildfire,0,0,California,1
1900,6/21/2008,Jun,2008,Wildfire,0,0,California,1
1901,6/21/2008,Jun,2008,Wildfire,0,0,California,1
1902,6/21/2008,Jun,2008,Wildfire,0,0,California,1
1903,6/28/2008,Jun,2008,Wildfire,0,0,California,1
1904,7/1/2008,Jul,2008,Wildfire,0,1000000,California,1
1905,7/1/2008,Jul,2008,Wildfire,0,0,California,1
1906,7/1/2008,Jul,2008,Wildfire,0,5000000,California,1
1907,7/1/2008,Jul,2008,Wildfire,0,0,California,1
1908,7/1/2008,Jul,2008,Wildfire,0,0,California,1
1909,7/1/2008,Jul,2008,Wildfire,0,0,California,1
1910,7/1/2008,Jul,2008,Wildfire,0,0,California,1
1911,7/1/2008,Jul,2008,Wildfire,0,0,California,1
1912,7/1/2008,Jul,2008,Wildfire,0,0,California,1
1913,7/1/2008,Jul,2008,Wildfire,0,0,California,1
1914,7/1/2008,Jul,2008,Wildfire,0,0,California,1
1915,7/1/2008,Jul,2008,Wildfire,0,0,California,1
1916,7/1/2008,Jul,2008,Wildfire,0,0,California,1
1917,7/1/2008,Jul,2008,Wildfire,0,0,California,1
1918,7/1/2008,Jul,2008,Wildfire,0,0,California,1
1919,7/1/2008,Jul,2008,Wildfire,0,0,California,1
1920,7/3/2008,Jul,2008,Wildfire,0,0,California,1
1921,7/19/2008,Jul,2008,Wildfire,0,0,California,1
1922,7/22/2008,Jul,2008,Wildfire,1,0,California,1
1923,7/25/2008,Jul,2008,Wildfire,0,0,California,1
1924,8/1/2008,Aug,2008,Wildfire,0,25000000,California,1
1925,8/1/2008,Aug,2008,Wildfire,0,0,California,1
1926,8/1/2008,Aug,2008,Wildfire,0,0,California,1
1927,8/1/2008,Aug,2008,Wildfire,0,0,California,1
1928,8/1/2008,Aug,2008,Wildfire,0,0,California,1
1929,8/3/2008,Aug,2008,Wildfire,0,0,California,1
1930,8/6/2008,Aug,2008,Wildfire,0,0,California,1
1931,9/1/2008,Sep,2008,Wildfire,0,0,California,1
1932,9/1/2008,Sep,2008,Wildfire,0,0,California,1
1933,9/1/2008,Sep,2008,Wildfire,0,0,California,1
1934,9/1/2008,Sep,2008,Wildfire,0,0,California,1
1935,9/10/2008,Sep,2008,Wildfire,0,0,California,1
1936,9/11/2008,Sep,2008,Wildfire,0,0,California,1
1937,10/12/2008,Oct,2008,Wildfire,0,0,California,1
1938,10/13/2008,Oct,2008,Wildfire,0,0,California,1
1939,10/13/2008,Oct,2008,Wildfire,0,0,California,1
1940,10/14/2008,Oct,2008,Wildfire,0,100000,California,1
1941,11/13/2008,Nov,2008,Wildfire,0,0,California,1
1942,11/13/2008,Nov,2008,Wildfire,0,0,California,1
1943,11/14/2008,Nov,2008,Wildfire,0,0,California,1
1944,11/14/2008,Nov,2008,Wildfire,0,3500000,California,1
1945,11/15/2008,Nov,2008,Wildfire,0,3500000,California,1
1946,11/15/2008,Nov,2008,Wildfire,0,150000000,California,1
1947,3/22/2009,Mar,2009,Wildfire,0,0,California,1
1948,3/22/2009,Mar,2009,Wildfire,0,6000,California,1
1949,4/3/2009,Apr,2009,Wildfire,0,60000,California,1
1950,5/5/2009,May,2009,Wildfire,0,250000,California,1
1951,5/5/2009,May,2009,Wildfire,0,17000000,California,1
1952,5/12/2009,May,2009,Wildfire,0,17000000,California,1
1953,5/27/2009,May,2009,Wildfire,0,0,California,1
1954,6/1/2009,Jun,2009,Wildfire,0,0,California,1
1955,6/7/2009,Jun,2009,Wildfire,0,0,California,1
1956,6/17/2009,Jun,2009,Wildfire,0,0,California,1
1957,7/1/2009,Jul,2009,Wildfire,0,0,California,1
1958,7/26/2009,Jul,2009,Wildfire,0,0,California,1
1959,8/1/2009,Aug,2009,Wildfire,0,0,California,1
1960,8/1/2009,Aug,2009,Wildfire,0,0,California,1
1961,8/1/2009,Aug,2009,Wildfire,0,0,California,1
1962,8/1/2009,Aug,2009,Wildfire,0,0,California,1
1963,8/2/2009,Aug,2009,Wildfire,0,0,California,1
1964,8/8/2009,Aug,2009,Wildfire,0,0,California,1
1965,8/16/2009,Aug,2009,Wildfire,0,0,California,1
1966,8/21/2009,Aug,2009,Wildfire,0,0,California,1
1967,8/26/2009,Aug,2009,Wildfire,0,0,California,1
1968,8/27/2009,Aug,2009,Wildfire,0,0,California,1
1969,8/27/2009,Aug,2009,Wildfire,0,50000,California,1
1970,8/30/2009,Aug,2009,Wildfire,0,10000,California,1
1971,8/31/2009,Aug,2009,Wildfire,0,1000000,California,1
1972,9/1/2009,Sep,2009,Wildfire,0,1000000,California,1
1973,9/1/2009,Sep,2009,Wildfire,0,20000,California,1
1974,9/1/2009,Sep,2009,Wildfire,0,0,California,1
1975,9/1/2009,Sep,2009,Wildfire,0,0,California,1
1976,9/1/2009,Sep,2009,Wildfire,0,0,California,1
1977,9/7/2009,Sep,2009,Wildfire,0,30000,California,1
1978,9/13/2009,Sep,2009,Wildfire,0,0,California,1
1979,9/19/2009,Sep,2009,Wildfire,0,0,California,1
1980,9/22/2009,Sep,2009,Wildfire,0,0,California,1
1981,9/22/2009,Sep,2009,Wildfire,0,0,California,1
1982,9/22/2009,Sep,2009,Wildfire,0,0,California,1
1983,9/22/2009,Sep,2009,Wildfire,0,15000,California,1
1984,9/26/2009,Sep,2009,Wildfire,0,5000,California,1
1985,10/3/2009,Oct,2009,Wildfire,0,0,California,1
1986,11/16/2009,Nov,2009,Wildfire,0,750000,California,1
1987,5/20/2010,May,2010,Wildfire,0,20000,California,1
1988,7/13/2010,Jul,2010,Wildfire,0,0,California,1
1989,7/15/2010,Jul,2010,Wildfire,0,0,California,1
1990,7/15/2010,Jul,2010,Wildfire,0,17500,California,1
1991,7/15/2010,Jul,2010,Wildfire,0,0,California,1
1992,7/15/2010,Jul,2010,Wildfire,0,0,California,1
1993,7/17/2010,Jul,2010,Wildfire,0,8000,California,1
1994,7/26/2010,Jul,2010,Wildfire,0,0,California,1
1995,7/26/2010,Jul,2010,Wildfire,0,0,California,1
1996,7/27/2010,Jul,2010,Wildfire,0,0,California,1
1997,8/1/2010,Aug,2010,Wildfire,0,0,California,1
1998,8/1/2010,Aug,2010,Wildfire,0,0,California,1
1999,8/1/2010,Aug,2010,Wildfire,0,0,California,1
2000,8/3/2010,Aug,2010,Wildfire,0,0,California,1
2001,8/7/2010,Aug,2010,Wildfire,0,0,California,1
2002,8/24/2010,Aug,2010,Wildfire,0,0,California,1
2003,8/26/2010,Aug,2010,Wildfire,0,0,California,1
2004,9/1/2010,Sep,2010,Wildfire,0,0,California,1
2005,9/1/2010,Sep,2010,Wildfire,0,0,California,1
2006,9/1/2010,Sep,2010,Wildfire,0,0,California,1
2007,9/1/2010,Sep,2010,Wildfire,0,0,California,1
2008,9/1/2010,Sep,2010,Wildfire,0,0,California,1
2009,9/12/2010,Sep,2010,Wildfire,0,0,California,1
2010,9/23/2010,Sep,2010,Wildfire,0,250000,California,1
2011,3/18/2011,Mar,2011,Wildfire,0,400000,California,1
2012,7/15/2011,Jul,2011,Wildfire,0,4500000,California,1
2013,7/21/2011,Jul,2011,Wildfire,0,0,California,1
2014,8/1/2011,Aug,2011,Wildfire,0,25000,California,1
2015,8/1/2011,Aug,2011,Wildfire,0,0,California,1
2016,8/6/2011,Aug,2011,Wildfire,0,0,California,1
2017,8/19/2011,Aug,2011,Wildfire,0,0,California,1
2018,8/22/2011,Aug,2011,Wildfire,0,0,California,1
2019,8/25/2011,Aug,2011,Wildfire,0,500000,California,1
2020,8/27/2011,Aug,2011,Wildfire,0,0,California,1
2021,9/1/2011,Sep,2011,Wildfire,0,0,California,1
2022,9/2/2011,Sep,2011,Wildfire,0,0,California,1
2023,9/4/2011,Sep,2011,Wildfire,0,600000,California,1
2024,9/10/2011,Sep,2011,Wildfire,0,10000000,California,1
2025,9/10/2011,Sep,2011,Wildfire,0,0,California,1
2026,9/10/2011,Sep,2011,Wildfire,0,0,California,1
2027,9/10/2011,Sep,2011,Wildfire,0,0,California,1
2028,9/13/2011,Sep,2011,Wildfire,0,0,California,1
2029,9/13/2011,Sep,2011,Wildfire,0,0,California,1
2030,9/24/2011,Sep,2011,Wildfire,0,0,California,1
2031,10/1/2011,Oct,2011,Wildfire,0,0,California,1
2032,1/12/2012,Jan,2012,Wildfire,0,0,California,1
2033,5/24/2012,May,2012,Wildfire,0,20000,California,1
2034,6/1/2012,Jun,2012,Wildfire,0,0,California,1
2035,6/12/2012,Jun,2012,Wildfire,0,0,California,1
2036,6/16/2012,Jun,2012,Wildfire,0,0,California,1
2037,6/17/2012,Jun,2012,Wildfire,0,0,California,1
2038,6/17/2012,Jun,2012,Wildfire,0,400000,California,1
2039,7/15/2012,Jul,2012,Wildfire,0,0,California,1
2040,7/17/2012,Jul,2012,Wildfire,0,0,California,1
2041,8/1/2012,Aug,2012,Wildfire,0,200000,California,1
2042,8/1/2012,Aug,2012,Wildfire,0,0,California,1
2043,8/5/2012,Aug,2012,Wildfire,0,200000,California,1
2044,8/9/2012,Aug,2012,Wildfire,0,0,California,1
2045,8/12/2012,Aug,2012,Wildfire,0,0,California,1
2046,8/14/2012,Aug,2012,Wildfire,0,0,California,1
2047,8/20/2012,Aug,2012,Wildfire,0,1000000,California,1
2048,8/21/2012,Aug,2012,Wildfire,0,0,California,1
2049,9/1/2012,Sep,2012,Wildfire,0,0,California,1
2050,9/5/2012,Sep,2012,Wildfire,0,0,California,1
2051,9/6/2012,Sep,2012,Wildfire,0,0,California,1
2052,9/23/2012,Sep,2012,Wildfire,1,0,California,1
2053,11/5/2012,Nov,2012,Wildfire,0,3670000,California,1
2054,3/1/2013,Mar,2013,Wildfire,0,4000,California,1
2055,5/1/2013,May,2013,Wildfire,0,15000,California,1
2056,5/1/2013,May,2013,Wildfire,0,500000,California,1
2057,5/2/2013,May,2013,Wildfire,0,400000,California,1
2058,5/2/2013,May,2013,Wildfire,0,0,California,1
2059,5/2/2013,May,2013,Wildfire,0,0,California,1
2060,5/13/2013,May,2013,Wildfire,0,550000,California,1
2061,5/15/2013,May,2013,Wildfire,0,0,California,1
2062,5/30/2013,May,2013,Wildfire,0,0,California,1
2063,5/30/2013,May,2013,Wildfire,0,0,California,1
2064,6/1/2013,Jun,2013,Wildfire,0,0,California,1
2065,6/1/2013,Jun,2013,Wildfire,0,0,California,1
2066,6/9/2013,Jun,2013,Wildfire,0,0,California,1
2067,6/16/2013,Jun,2013,Wildfire,0,0,California,1
2068,6/28/2013,Jun,2013,Wildfire,0,0,California,1
2069,7/6/2013,Jul,2013,Wildfire,0,50000,California,1
2070,7/15/2013,Jul,2013,Wildfire,0,7240000,California,1
2071,7/19/2013,Jul,2013,Wildfire,0,2000000,California,1
2072,7/23/2013,Jul,2013,Wildfire,0,0,California,1
2073,8/1/2013,Aug,2013,Wildfire,0,0,California,1
2074,8/1/2013,Aug,2013,Wildfire,0,0,California,1
2075,8/1/2013,Aug,2013,Wildfire,0,0,California,1
2076,8/5/2013,Aug,2013,Wildfire,0,0,California,1
2077,8/7/2013,Aug,2013,Wildfire,0,5000,California,1
2078,8/17/2013,Aug,2013,Wildfire,0,7000000,California,1
2079,8/18/2013,Aug,2013,Wildfire,0,0,California,1
2080,8/18/2013,Aug,2013,Wildfire,0,0,California,1
2081,8/19/2013,Aug,2013,Wildfire,0,0,California,1
2082,8/22/2013,Aug,2013,Wildfire,0,0,California,1
2083,8/23/2013,Aug,2013,Wildfire,0,0,California,1
2084,8/23/2013,Aug,2013,Wildfire,0,0,California,1
2085,9/1/2013,Sep,2013,Wildfire,0,0,California,1
2086,9/1/2013,Sep,2013,Wildfire,0,0,California,1
2087,9/1/2013,Sep,2013,Wildfire,0,0,California,1
2088,9/8/2013,Sep,2013,Wildfire,0,15000000,California,1
2089,9/9/2013,Sep,2013,Wildfire,1,0,California,1
2090,9/24/2013,Sep,2013,Wildfire,0,0,California,1
2091,10/1/2013,Oct,2013,Wildfire,0,0,California,1
2092,10/4/2013,Oct,2013,Wildfire,0,0,California,1
2093,10/5/2013,Oct,2013,Wildfire,0,0,California,1
2094,11/20/2013,Nov,2013,Wildfire,0,10000,California,1
2095,12/17/2013,Dec,2013,Wildfire,0,5000,California,1
2096,1/13/2014,Jan,2014,Wildfire,0,0,California,1
2097,1/16/2014,Jan,2014,Wildfire,0,0,California,1
2098,1/16/2014,Jan,2014,Wildfire,0,0,California,1
2099,3/15/2014,Mar,2014,Wildfire,0,0,California,1
2100,4/30/2014,Apr,2014,Wildfire,0,35000,California,1
2101,5/1/2014,May,2014,Wildfire,0,6000,California,1
2102,5/13/2014,May,2014,Wildfire,0,6000,California,1
2103,5/13/2014,May,2014,Wildfire,0,0,California,1
2104,5/14/2014,May,2014,Wildfire,0,0,California,1
2105,5/14/2014,May,2014,Wildfire,0,0,California,1
2106,5/14/2014,May,2014,Wildfire,0,22500000,California,1
2107,5/14/2014,May,2014,Wildfire,0,0,California,1
2108,5/14/2014,May,2014,Wildfire,0,1120000,California,1
2109,5/15/2014,May,2014,Wildfire,0,5700000,California,1
2110,5/16/2014,May,2014,Wildfire,0,0,California,1
2111,5/26/2014,May,2014,Wildfire,0,0,California,1
2112,6/1/2014,Jun,2014,Wildfire,0,1000000,California,1
2113,6/1/2014,Jun,2014,Wildfire,0,0,California,1
2114,7/1/2014,Jul,2014,Wildfire,0,1000000,California,1
2115,7/1/2014,Jul,2014,Wildfire,0,0,California,1
2116,7/3/2014,Jul,2014,Wildfire,0,0,California,1
2117,7/3/2014,Jul,2014,Wildfire,0,900000,California,1
2118,7/4/2014,Jul,2014,Wildfire,0,0,California,1
2119,7/11/2014,Jul,2014,Wildfire,0,2500000,California,1
2120,7/11/2014,Jul,2014,Wildfire,1,0,California,1
2121,7/16/2014,Jul,2014,Wildfire,0,0,California,1
2122,7/25/2014,Jul,2014,Wildfire,0,0,California,1
2123,7/26/2014,Jul,2014,Wildfire,0,0,California,1
2124,7/26/2014,Jul,2014,Wildfire,0,0,California,1
2125,7/28/2014,Jul,2014,Wildfire,0,0,California,1
2126,7/28/2014,Jul,2014,Wildfire,0,0,California,1
2127,7/29/2014,Jul,2014,Wildfire,0,0,California,1
2128,7/29/2014,Jul,2014,Wildfire,0,0,California,1
2129,7/29/2014,Jul,2014,Wildfire,0,0,California,1
2130,7/30/2014,Jul,2014,Wildfire,0,0,California,1
2131,8/1/2014,Aug,2014,Wildfire,0,0,California,1
2132,8/1/2014,Aug,2014,Wildfire,0,0,California,1
2133,8/1/2014,Aug,2014,Wildfire,0,1000000,California,1
2134,8/1/2014,Aug,2014,Wildfire,0,0,California,1
2135,8/1/2014,Aug,2014,Wildfire,0,0,California,1
2136,8/1/2014,Aug,2014,Wildfire,0,600000,California,1
2137,8/1/2014,Aug,2014,Wildfire,0,0,California,1
2138,8/1/2014,Aug,2014,Wildfire,0,0,California,1
2139,8/1/2014,Aug,2014,Wildfire,0,0,California,1
2140,8/1/2014,Aug,2014,Wildfire,0,0,California,1
2141,8/2/2014,Aug,2014,Wildfire,0,0,California,1
2142,8/12/2014,Aug,2014,Wildfire,0,200000,California,1
2143,8/18/2014,Aug,2014,Wildfire,0,0,California,1
2144,8/18/2014,Aug,2014,Wildfire,0,0,California,1
2145,9/1/2014,Sep,2014,Wildfire,0,0,California,1
2146,9/1/2014,Sep,2014,Wildfire,0,0,California,1
2147,9/5/2014,Sep,2014,Wildfire,0,600000,California,1
2148,9/7/2014,Sep,2014,Wildfire,0,0,California,1
2149,9/12/2014,Sep,2014,Wildfire,0,0,California,1
2150,9/13/2014,Sep,2014,Wildfire,0,5000,California,1
2151,9/14/2014,Sep,2014,Wildfire,0,0,California,1
2152,9/15/2014,Sep,2014,Wildfire,0,0,California,1
2153,10/7/2014,Oct,2014,Wildfire,0,20000000,California,1
2154,2/6/2015,Feb,2015,Wildfire,0,0,California,1
2155,2/6/2015,Feb,2015,Wildfire,0,1000,California,1
2156,5/7/2015,May,2015,Wildfire,0,0,California,1
2157,6/17/2015,Jun,2015,Wildfire,0,30000,California,1
2158,6/18/2015,Jun,2015,Wildfire,0,900000,California,1
2159,6/18/2015,Jun,2015,Wildfire,0,0,California,1
2160,7/17/2015,Jul,2015,Wildfire,0,0,California,1
2161,7/18/2015,Jul,2015,Wildfire,0,500000,California,1
2162,7/19/2015,Jul,2015,Wildfire,0,0,California,1
2163,7/21/2015,Jul,2015,Wildfire,0,0,California,1
2164,7/22/2015,Jul,2015,Wildfire,0,0,California,1
2165,7/23/2015,Jul,2015,Wildfire,0,0,California,1
2166,7/24/2015,Jul,2015,Wildfire,0,25000,California,1
2167,7/25/2015,Jul,2015,Wildfire,0,0,California,1
2168,7/25/2015,Jul,2015,Wildfire,0,0,California,1
2169,7/25/2015,Jul,2015,Wildfire,0,0,California,1
2170,7/27/2015,Jul,2015,Wildfire,0,0,California,1
2171,7/29/2015,Jul,2015,Wildfire,0,500000,California,1
2172,7/30/2015,Jul,2015,Wildfire,0,0,California,1
2173,7/30/2015,Jul,2015,Wildfire,1,0,California,1
2174,8/1/2015,Aug,2015,Wildfire,0,0,California,1
2175,8/1/2015,Aug,2015,Wildfire,0,0,California,1
2176,8/1/2015,Aug,2015,Wildfire,0,0,California,1
2177,8/1/2015,Aug,2015,Wildfire,0,0,California,1
2178,8/1/2015,Aug,2015,Wildfire,0,0,California,1
2179,8/1/2015,Aug,2015,Wildfire,0,0,California,1
2180,8/1/2015,Aug,2015,Wildfire,0,0,California,1
2181,8/1/2015,Aug,2015,Wildfire,0,0,California,1
2182,8/9/2015,Aug,2015,Wildfire,0,0,California,1
2183,9/1/2015,Sep,2015,Wildfire,0,0,California,1
2184,9/1/2015,Sep,2015,Wildfire,0,0,California,1
2185,9/7/2015,Sep,2015,Wildfire,0,0,California,1
2186,9/9/2015,Sep,2015,Wildfire,2,0,California,1
2187,9/12/2015,Sep,2015,Wildfire,4,0,California,1
2188,6/1/2016,Jun,2016,Wildfire,0,0,California,1
2189,6/7/2016,Jun,2016,Wildfire,0,0,California,1
2190,6/15/2016,Jun,2016,Wildfire,0,0,California,1
2191,6/19/2016,Jun,2016,Wildfire,2,0,California,1
2192,6/20/2016,Jun,2016,Wildfire,0,4000000,California,1
2193,6/23/2016,Jun,2016,Wildfire,2,0,California,1
2194,6/28/2016,Jun,2016,Wildfire,0,0,California,1
2195,6/30/2016,Jun,2016,Wildfire,0,0,California,1
2196,7/1/2016,Jul,2016,Wildfire,0,0,California,1
2197,7/1/2016,Jul,2016,Wildfire,0,0,California,1
2198,7/1/2016,Jul,2016,Wildfire,0,0,California,1
2199,7/1/2016,Jul,2016,Wildfire,0,0,California,1
2200,7/1/2016,Jul,2016,Wildfire,0,0,California,1
2201,7/1/2016,Jul,2016,Wildfire,0,0,California,1
2202,7/1/2016,Jul,2016,Wildfire,0,0,California,1
2203,7/9/2016,Jul,2016,Wildfire,0,0,California,1
2204,7/18/2016,Jul,2016,Wildfire,0,0,California,1
2205,7/21/2016,Jul,2016,Wildfire,0,50000,California,1
2206,7/22/2016,Jul,2016,Wildfire,0,0,California,1
2207,7/30/2016,Jul,2016,Wildfire,0,0,California,1
2208,8/1/2016,Aug,2016,Wildfire,0,0,California,1
2209,8/1/2016,Aug,2016,Wildfire,0,0,California,1
2210,8/7/2016,Aug,2016,Wildfire,0,0,California,1
2211,8/9/2016,Aug,2016,Wildfire,0,0,California,1
2212,8/13/2016,Aug,2016,Wildfire,0,0,California,1
2213,8/13/2016,Aug,2016,Wildfire,0,0,California,1
2214,8/16/2016,Aug,2016,Wildfire,0,1500000,California,1
2215,8/16/2016,Aug,2016,Wildfire,0,50000000,California,1
2216,8/16/2016,Aug,2016,Wildfire,0,0,California,1
2217,8/18/2016,Aug,2016,Wildfire,0,0,California,1
2218,8/24/2016,Aug,2016,Wildfire,0,0,California,1
2219,8/27/2016,Aug,2016,Wildfire,0,0,California,1
2220,9/1/2016,Sep,2016,Wildfire,0,0,California,1
2221,9/1/2016,Sep,2016,Wildfire,0,0,California,1
2222,9/1/2016,Sep,2016,Wildfire,0,0,California,1
2223,9/1/2016,Sep,2016,Wildfire,0,0,California,1
2224,9/1/2016,Sep,2016,Wildfire,0,0,California,1
2225,9/5/2016,Sep,2016,Wildfire,0,0,California,1
2226,9/17/2016,Sep,2016,Wildfire,0,0,California,1
2227,9/17/2016,Sep,2016,Wildfire,0,0,California,1
2228,10/1/2016,Oct,2016,Wildfire,0,0,California,1
2229,4/30/2017,Apr,2017,Wildfire,0,0,California,1
2230,4/30/2017,Apr,2017,Wildfire,0,0,California,1
2231,5/19/2017,May,2017,Wildfire,0,0,California,1
2232,6/18/2017,Jun,2017,Wildfire,0,0,California,1
2233,6/23/2017,Jun,2017,Wildfire,0,0,California,1
2234,7/1/2017,Jul,2017,Wildfire,0,0,California,1
2235,7/5/2017,Jul,2017,Wildfire,0,0,California,1
2236,7/6/2017,Jul,2017,Wildfire,0,0,California,1
2237,7/6/2017,Jul,2017,Wildfire,0,0,California,1
2238,7/6/2017,Jul,2017,Wildfire,0,0,California,1
2239,7/6/2017,Jul,2017,Wildfire,0,0,California,1
2240,7/7/2017,Jul,2017,Wildfire,0,0,California,1
2241,7/8/2017,Jul,2017,Wildfire,0,0,California,1
2242,7/8/2017,Jul,2017,Wildfire,0,0,California,1
2243,7/8/2017,Jul,2017,Wildfire,0,0,California,1
2244,7/10/2017,Jul,2017,Wildfire,0,0,California,1
2245,7/13/2017,Jul,2017,Wildfire,0,0,California,1
2246,7/16/2017,Jul,2017,Wildfire,0,0,California,1
2247,7/17/2017,Jul,2017,Wildfire,1,0,California,1
2248,7/23/2017,Jul,2017,Wildfire,0,0,California,1
2249,7/25/2017,Jul,2017,Wildfire,0,0,California,1
2250,8/1/2017,Aug,2017,Wildfire,0,0,California,1
2251,8/1/2017,Aug,2017,Wildfire,0,0,California,1
2252,8/1/2017,Aug,2017,Wildfire,0,0,California,1
2253,8/3/2017,Aug,2017,Wildfire,0,0,California,1
2254,8/10/2017,Aug,2017,Wildfire,0,0,California,1
2255,8/13/2017,Aug,2017,Wildfire,0,0,California,1
2256,8/29/2017,Aug,2017,Wildfire,0,0,California,1
2257,8/29/2017,Aug,2017,Wildfire,0,0,California,1
2258,8/29/2017,Aug,2017,Wildfire,0,0,California,1
2259,8/29/2017,Aug,2017,Wildfire,0,0,California,1
2260,9/1/2017,Sep,2017,Wildfire,0,0,California,1
2261,9/1/2017,Sep,2017,Wildfire,0,0,California,1
2262,9/1/2017,Sep,2017,Wildfire,0,0,California,1
2263,9/1/2017,Sep,2017,Wildfire,0,0,California,1
2264,9/1/2017,Sep,2017,Wildfire,0,0,California,1
2265,9/1/2017,Sep,2017,Wildfire,0,0,California,1
2266,9/3/2017,Sep,2017,Wildfire,0,0,California,1
2267,9/3/2017,Sep,2017,Wildfire,0,0,California,1
2268,9/11/2017,Sep,2017,Wildfire,0,0,California,1
2269,9/11/2017,Sep,2017,Wildfire,0,0,California,1
2270,9/11/2017,Sep,2017,Wildfire,0,0,California,1
2271,9/23/2017,Sep,2017,Wildfire,0,0,California,1
2272,9/25/2017,Sep,2017,Wildfire,0,2000000,California,1
2273,10/8/2017,Oct,2017,Wildfire,8,1000000,California,1
2274,10/8/2017,Oct,2017,Wildfire,0,38400000,California,1
2275,10/8/2017,Oct,2017,Wildfire,0,0,California,1
2276,10/8/2017,Oct,2017,Wildfire,0,0,California,1
2277,10/8/2017,Oct,2017,Wildfire,0,0,California,1
2278,10/8/2017,Oct,2017,Wildfire,4,0,California,1
2279,10/8/2017,Oct,2017,Wildfire,0,0,California,1
2280,10/9/2017,Oct,2017,Wildfire,0,0,California,1
2281,10/9/2017,Oct,2017,Wildfire,0,0,California,1
2282,12/4/2017,Dec,2017,Wildfire,1,25000000,California,1
2283,12/4/2017,Dec,2017,Wildfire,1,0,California,1
2284,12/4/2017,Dec,2017,Wildfire,1,0,California,1
2285,12/4/2017,Dec,2017,Wildfire,1,0,California,1
2286,12/4/2017,Dec,2017,Wildfire,1,0,California,1
2287,12/7/2017,Dec,2017,Wildfire,0,0,California,1
2288,5/17/2018,May,2018,Wildfire,0,30000000,California,1
2289,6/2/2018,Jun,2018,Wildfire,0,0,California,1
2290,6/4/2018,Jun,2018,Wildfire,0,0,California,1
2291,6/9/2018,Jun,2018,Wildfire,0,0,California,1
2292,6/9/2018,Jun,2018,Wildfire,0,0,California,1
2293,6/23/2018,Jun,2018,Wildfire,0,0,California,1
2294,6/23/2018,Jun,2018,Wildfire,0,0,California,1
2295,6/30/2018,Jun,2018,Wildfire,0,100000,California,1
2296,7/1/2018,Jul,2018,Wildfire,0,0,California,1
2297,7/5/2018,Jul,2018,Wildfire,0,0,California,1
2298,7/6/2018,Jul,2018,Wildfire,0,0,California,1
2299,7/13/2018,Jul,2018,Wildfire,2,500000,California,1
2300,7/13/2018,Jul,2018,Wildfire,2,0,California,1
2301,7/15/2018,Jul,2018,Wildfire,0,0,California,1
2302,7/23/2018,Jul,2018,Wildfire,0,0,California,1
2303,7/23/2018,Jul,2018,Wildfire,2,500000,California,1
2304,7/25/2018,Jul,2018,Wildfire,0,1500000000,California,1
2305,7/27/2018,Jul,2018,Wildfire,0,200000,California,1
2306,7/28/2018,Jul,2018,Wildfire,0,56000000,California,1
2307,8/1/2018,Aug,2018,Wildfire,0,0,California,1
2308,8/1/2018,Aug,2018,Wildfire,0,0,California,1
2309,8/1/2018,Aug,2018,Wildfire,0,0,California,1
2310,8/1/2018,Aug,2018,Wildfire,0,0,California,1
2311,8/1/2018,Aug,2018,Wildfire,0,0,California,1
2312,8/1/2018,Aug,2018,Wildfire,0,0,California,1
2313,8/1/2018,Aug,2018,Wildfire,0,0,California,1
2314,8/6/2018,Aug,2018,Wildfire,0,0,California,1
2315,8/15/2018,Aug,2018,Wildfire,0,500000,California,1
2316,9/1/2018,Sep,2018,Wildfire,0,0,California,1
2317,9/5/2018,Sep,2018,Wildfire,0,0,California,1
2318,10/1/2018,Oct,2018,Wildfire,0,0,California,1
2319,11/3/2018,Nov,2018,Wildfire,0,0,California,1
2320,11/8/2018,Nov,2018,Wildfire,86,0,California,1
2321,11/8/2018,Nov,2018,Wildfire,0,17000000000,California,1
2322,11/8/2018,Nov,2018,Wildfire,0,0,California,1
2323,11/8/2018,Nov,2018,Wildfire,3,0,California,1
2324,11/8/2018,Nov,2018,Wildfire,3,0,California,1
2325,11/8/2018,Nov,2018,Wildfire,3,0,California,1
2326,11/8/2018,Nov,2018,Wildfire,3,0,California,1
2327,11/8/2018,Nov,2018,Wildfire,3,0,California,1
2328,6/8/2019,Jun,2019,Wildfire,0,0,California,1
2329,6/11/2019,Jun,2019,Wildfire,0,0,California,1
2330,6/25/2019,Jun,2019,Wildfire,0,5000,California,1
2331,7/28/2019,Jul,2019,Wildfire,0,0,California,1
2332,8/1/2019,Aug,2019,Wildfire,0,0,California,1
2333,8/7/2019,Aug,2019,Wildfire,0,0,California,1
2334,8/15/2019,Aug,2019,Wildfire,0,5000,California,1
2335,8/22/2019,Aug,2019,Wildfire,0,400000,California,1
2336,8/24/2019,Aug,2019,Wildfire,0,0,California,1
2337,9/1/2019,Sep,2019,Wildfire,0,0,California,1
2338,9/4/2019,Sep,2019,Wildfire,0,0,California,1
2339,9/4/2019,Sep,2019,Wildfire,0,0,California,1
2340,9/4/2019,Sep,2019,Wildfire,0,100000,California,1
2341,9/5/2019,Sep,2019,Wildfire,0,100000,California,1
2342,9/5/2019,Sep,2019,Wildfire,0,0,California,1
2343,9/5/2019,Sep,2019,Wildfire,0,0,California,1
2344,9/5/2019,Sep,2019,Wildfire,0,0,California,1
2345,9/5/2019,Sep,2019,Wildfire,0,0,California,1
2346,9/7/2019,Sep,2019,Wildfire,0,0,California,1
2347,9/14/2019,Sep,2019,Wildfire,0,0,California,1
2348,10/6/2019,Oct,2019,Wildfire,0,0,California,1
2349,10/10/2019,Oct,2019,Wildfire,0,0,California,1
2350,10/10/2019,Oct,2019,Wildfire,2,0,California,1
2351,10/10/2019,Oct,2019,Wildfire,0,8000000,California,1
2352,10/10/2019,Oct,2019,Wildfire,0,100000,California,1
2353,10/10/2019,Oct,2019,Wildfire,0,0,California,1
2354,10/10/2019,Oct,2019,Wildfire,0,0,California,1
2355,10/10/2019,Oct,2019,Wildfire,0,0,California,1
2356,10/23/2019,Oct,2019,Wildfire,0,0,California,1
2357,10/24/2019,Oct,2019,Wildfire,0,0,California,1
2358,10/24/2019,Oct,2019,Wildfire,0,0,California,1
2359,10/24/2019,Oct,2019,Wildfire,0,0,California,1
2360,10/24/2019,Oct,2019,Wildfire,0,0,California,1
2361,10/24/2019,Oct,2019,Wildfire,0,0,California,1
2362,10/25/2019,Oct,2019,Wildfire,0,0,California,1
2363,10/27/2019,Oct,2019,Wildfire,0,50000,California,1
2364,10/27/2019,Oct,2019,Wildfire,0,0,California,1
2365,10/27/2019,Oct,2019,Wildfire,0,0,California,1
2366,10/27/2019,Oct,2019,Wildfire,0,0,California,1
2367,10/27/2019,Oct,2019,Wildfire,0,0,California,1
2368,10/28/2019,Oct,2019,Wildfire,0,0,California,1
2369,10/30/2019,Oct,2019,Wildfire,0,0,California,1
2370,10/30/2019,Oct,2019,Wildfire,0,0,California,1
2371,10/30/2019,Oct,2019,Wildfire,0,0,California,1
2372,10/30/2019,Oct,2019,Wildfire,0,100000,California,1
2373,10/30/2019,Oct,2019,Wildfire,0,0,California,1
2374,10/31/2019,Oct,2019,Wildfire,0,100000,California,1
2375,10/31/2019,Oct,2019,Wildfire,0,4000000,California,1
2376,10/31/2019,Oct,2019,Wildfire,0,0,California,1
2377,10/31/2019,Oct,2019,Wildfire,0,0,California,1
2378,10/31/2019,Oct,2019,Wildfire,0,0,California,1
2379,11/1/2019,Nov,2019,Wildfire,0,0,California,1
2380,11/1/2019,Nov,2019,Wildfire,0,0,California,1
2381,11/1/2019,Nov,2019,Wildfire,0,0,California,1
2382,11/1/2019,Nov,2019,Wildfire,0,0,California,1
2383,11/1/2019,Nov,2019,Wildfire,0,0,California,1
2384,6/3/2020,Jun,2020,Wildfire,0,0,California,1
2385,6/4/2020,Jun,2020,Wildfire,0,0,California,1
2386,6/5/2020,Jun,2020,Wildfire,0,0,California,1
2387,6/5/2020,Jun,2020,Wildfire,0,0,California,1
2388,6/6/2020,Jun,2020,Wildfire,0,0,California,1
2389,6/6/2020,Jun,2020,Wildfire,0,0,California,1
2390,6/6/2020,Jun,2020,Wildfire,0,0,California,1
2391,6/7/2020,Jun,2020,Wildfire,0,0,California,1
2392,6/8/2020,Jun,2020,Wildfire,0,0,California,1
2393,6/10/2020,Jun,2020,Wildfire,0,0,California,1
2394,6/15/2020,Jun,2020,Wildfire,0,0,California,1
2395,6/16/2020,Jun,2020,Wildfire,0,0,California,1
2396,6/17/2020,Jun,2020,Wildfire,0,0,California,1
2397,6/17/2020,Jun,2020,Wildfire,0,0,California,1
2398,6/21/2020,Jun,2020,Wildfire,0,0,California,1
2399,6/21/2020,Jun,2020,Wildfire,0,0,California,1
2400,6/22/2020,Jun,2020,Wildfire,0,0,California,1
2401,6/28/2020,Jun,2020,Wildfire,1,0,California,1
2402,7/3/2020,Jul,2020,Wildfire,0,0,California,1
2403,7/4/2020,Jul,2020,Wildfire,0,0,California,1
2404,7/4/2020,Jul,2020,Wildfire,0,0,California,1
2405,7/5/2020,Jul,2020,Wildfire,0,0,California,1
2406,7/6/2020,Jul,2020,Wildfire,0,0,California,1
2407,7/12/2020,Jul,2020,Wildfire,0,0,California,1
2408,7/13/2020,Jul,2020,Wildfire,0,1000000,California,1
2409,7/15/2020,Jul,2020,Wildfire,0,0,California,1
2410,7/15/2020,Jul,2020,Wildfire,0,0,California,1
2411,7/20/2020,Jul,2020,Wildfire,0,0,California,1
2412,7/20/2020,Jul,2020,Wildfire,0,0,California,1
2413,7/21/2020,Jul,2020,Wildfire,0,0,California,1
2414,7/22/2020,Jul,2020,Wildfire,0,0,California,1
2415,7/24/2020,Jul,2020,Wildfire,0,0,California,1
2416,7/31/2020,Jul,2020,Wildfire,0,0,California,1
